,symboling,normalized-losses,wheel-base,length,width,height,curb-weight,engine-size,bore,stroke,compression-ratio,horsepower,peak-rpm,city-mpg,highway-mpg,power_to_weight,num_cylinders,engine_size_per_cylinder,combined_mpg,make_audi,make_bmw,make_chevrolet,make_dodge,make_honda,make_isuzu,make_jaguar,make_mazda,make_mercedes-benz,make_mercury,make_mitsubishi,make_nissan,make_peugot,make_plymouth,make_porsche,make_renault,make_saab,make_subaru,make_toyota,make_volkswagen,make_volvo,fuel-type_gas,aspiration_turbo,num-of-doors_two,body-style_hardtop,body-style_hatchback,body-style_sedan,body-style_wagon,drive-wheels_fwd,drive-wheels_rwd,engine-location_rear,engine-type_l,engine-type_ohc,engine-type_ohcf,engine-type_ohcv,engine-type_rotor,num-of-cylinders_five,num-of-cylinders_four,num-of-cylinders_six,num-of-cylinders_twelve,num-of-cylinders_two,fuel-system_2bbl,fuel-system_4bbl,fuel-system_idi,fuel-system_mfi,fuel-system_mpfi,fuel-system_spdi,fuel-system_spfi
66,-0.7219941517220247,-0.14550252746588094,1.0276481060056921,0.0639766623783004,0.09818921174803895,0.2646256468944607,0.2848575529313997,0.1956257044160229,0.4206061399523433,1.2014588223653802,3.080136261797413,-0.8477223336680058,-1.9082711003831694,0.9818573970419816,1.3309223848713545,-1.437669260775483,-0.3440104580768906,0.956553713101036,1.1706012581587524,False,False,False,False,False,False,False,True,False,False,False,False,False,False,False,False,False,False,False,False,False,False,False,False,False,False,True,False,False,True,False,False,True,False,False,False,False,True,False,False,False,False,False,True,False,False,False,False
111,-0.7219941517220247,1.1556150673060392,1.529493945554292,1.0364014087442024,1.2135947086175876,1.1956881212370307,1.0248975948653096,-0.15400321411474163,0.5337298721144008,-3.351254153495692,-0.4378478708274632,-0.23546929717895965,-0.2844238606611821,-0.9961019603151292,-1.0211804480285664,-0.9845116294020272,-0.3440104580768906,0.24500525200650594,-1.0175226320918387,False,False,False,False,False,False,False,False,False,False,False,False,True,False,False,False,False,False,False,False,False,True,False,False,False,False,True,False,False,True,False,True,False,False,False,False,False,True,False,False,False,False,False,False,False,True,False,False
153,-0.7219941517220247,-1.386103024806549,-0.5113458019433472,-0.37652343640283603,-1.1142080674579826,2.167231572724927,-0.5439872940345796,-0.8532610511762707,-1.012294467433729,-0.7138204295485889,-0.28264268850577756,-1.1139193060545476,-0.6903856705916789,0.9818573970419816,1.0173086738180317,-1.381253887638909,-0.3440104580768906,-1.1780916701825541,1.008518007029079,False,False,False,False,False,False,False,False,False,False,False,False,False,False,False,False,False,False,True,False,False,True,False,False,False,False,False,True,True,False,False,False,True,False,False,False,False,True,False,False,False,True,False,False,False,False,False,False
96,0.0791226467640575,-0.02446833260337674,-0.7120841377627876,-0.7422216316173618,-1.0172162851215028,0.30510662403979033,-1.1537802885881214,-0.7283935802724262,-0.635215360226868,0.10252810405408674,-0.17917256695798697,-0.9275814253839683,0.12153794926931474,0.9818573970419816,1.0173086738180317,-0.5436101053751666,-0.3440104580768906,-0.9239672197916505,1.008518007029079,False,False,False,False,False,False,False,False,False,False,False,True,False,False,False,False,False,False,False,False,False,True,False,False,False,False,True,False,True,False,False,False,True,False,False,False,False,True,False,False,False,True,False,False,False,False,False,False
38,-0.7219941517220247,-0.5086051120533935,-0.3775202447303878,-0.5593725340100989,-0.3382738087661259,-0.18066510170415945,-0.5262263330281657,-0.40373815592243056,-0.635215360226868,1.0130706992263012,-0.28264268850577756,-0.47504657232684727,1.3394233790608052,0.32253761125627806,0.3900812517113862,-0.2688432862761893,-0.3440104580768906,-0.2632436487753012,0.3601850025103852,False,False,False,False,True,False,False,False,False,False,False,False,False,False,False,False,False,False,False,False,False,True,False,True,False,True,False,False,True,False,False,False,True,False,False,False,False,True,False,False,False,False,False,False,False,False,False,False
24,0.0791226467640575,0.7622539340029005,-0.8459096949757471,-1.407127441098321,-1.0172162851215028,-1.273651484628042,-1.1616740490354165,-0.9032080395378085,-1.3139577531992164,-0.08586001908499226,-0.17917256695798697,-0.9542011226226225,0.73048066416506,0.9818573970419816,1.1741155293446932,-0.5904730726936942,-0.3440104580768906,-1.2797414503389155,1.0895596325939156,False,False,False,True,False,False,False,False,False,False,False,False,False,False,False,False,False,False,False,False,False,True,False,False,False,True,False,False,True,False,False,False,True,False,False,False,False,True,False,False,False,True,False,False,False,False,False,False
139,0.8802394452501398,-1.2045517325127926,-0.8459096949757471,-1.3572595053872496,-1.1142080674579826,-0.01874119312284093,-0.8597377119263812,-0.4536851442839684,1.1370564436453787,-1.9383432299526004,-0.36024527966662057,-0.8211026364293516,-1.5023092904526725,0.15770766480985213,0.07646754065806341,-0.6050989899266103,-0.3440104580768906,-0.36489342893166266,0.11706012581587512,False,False,False,False,False,False,False,False,False,False,False,False,False,False,False,False,False,True,False,False,False,True,False,True,False,True,False,False,True,False,False,False,False,True,False,False,False,True,False,False,False,True,False,False,False,False,False,False
112,-0.7219941517220247,1.1556150673060392,1.529493945554292,1.0364014087442024,1.2135947086175876,1.1956881212370307,1.374196494658115,0.645148599669863,1.4387197294108676,0.8246825760872222,2.821460957927937,-0.23546929717895965,-2.0097615528657937,0.4873675577027039,0.3900812517113862,-1.1647520866719834,-0.3440104580768906,1.871401734508289,0.44122662807522195,False,False,False,False,False,False,False,False,False,False,False,False,True,False,False,False,False,False,False,False,False,False,True,False,False,False,True,False,False,True,False,True,False,False,False,False,False,True,False,False,False,False,False,True,False,False,False,False
29,1.681356243736222,0.6714782878560224,-0.4778894126401068,-0.08562714475491638,0.19518099408452233,-1.4355753932093578,0.503909405343837,0.7450425763929386,1.0616406222040065,2.0178073559680545,-0.7999932962447299,1.0955155647537493,-0.2844238606611821,-0.9961019603151292,-1.0211804480285664,1.2330999300899446,-0.3440104580768906,2.0747012948210117,-1.0175226320918387,False,False,False,True,False,False,False,False,False,False,False,False,False,False,False,False,False,False,False,False,False,True,True,True,False,True,False,False,True,False,False,False,True,False,False,False,False,True,False,False,False,False,False,False,True,False,False,False
19,0.0791226467640575,-0.7506735017784019,-0.7120841377627876,-1.5234859577574893,-1.1142080674579826,-0.706917804593436,-1.3452039794350261,-0.9032080395378085,-1.0877102888751013,-0.4626362653631503,-0.12743750618409191,-0.9009617281453141,0.5274997591998115,2.135667022166963,1.9581498069780001,-0.2921823034140119,-0.3440104580768906,-1.2797414503389155,2.062059139371956,False,False,True,False,False,False,False,False,False,False,False,False,False,False,False,False,False,False,False,False,False,True,False,True,False,True,False,False,True,False,False,False,True,False,False,False,False,True,False,False,False,True,False,False,False,False,False,False
178,1.681356243736222,2.244922821068577,0.6930842129732925,0.7704390849518196,0.8741234704398991,-0.706917804593436,0.8295270237947574,1.119644989104472,-0.18272043157863457,0.29091622719316573,-0.2050400973449345,1.5214307205722162,0.12153794926931474,-0.8312720138687033,-1.0211804480285664,1.5028304097395733,1.5136460155383193,-0.059944088462578364,-0.9364810065270021,False,False,False,False,False,False,False,False,False,False,False,False,False,False,False,False,False,False,True,False,False,True,False,True,False,True,False,False,False,True,False,False,False,False,False,False,False,False,True,False,False,False,False,False,False,True,False,False
90,0.0791226467640575,0.15708295969037955,-0.7120841377627876,-0.7422216316173618,-1.0172162851215028,0.30510662403979033,-1.0630020434442284,-0.5785526151878129,-1.238541931757844,0.6676924734713238,3.054268731410465,-1.3002571867251267,-0.6903856705916789,3.289476647291944,3.05579779566463,-1.3731892210113872,-0.3440104580768906,-0.6190178793225662,3.1966418972796697,False,False,False,False,False,False,False,False,False,False,False,True,False,False,False,False,False,False,False,False,False,False,False,True,False,False,True,False,True,False,False,False,True,False,False,False,False,True,False,False,False,False,False,True,False,False,False,False
173,-1.5231109502081068,-1.7492056093940616,0.6094432397151925,0.11384459808937186,0.2921727764210057,0.46703053262110594,-0.4532090488906866,-0.10405622575320385,-0.03188878869589011,0.8874786171335819,-0.36024527966662057,-0.31532838889492215,-1.9082711003831694,0.6521975041491298,0.5468881072380476,-0.05640619547921072,-0.3440104580768906,0.34665503216286736,0.6033098792048953,False,False,False,False,False,False,False,False,False,False,False,False,False,False,False,False,False,False,True,False,False,True,False,False,False,False,True,False,True,False,False,False,True,False,False,False,False,True,False,False,False,False,False,False,False,True,False,False
93,0.0791226467640575,-0.5993807582002717,-0.7120841377627876,-0.3349668233102761,-1.0172162851215028,-0.09970314741350018,-1.0491879626614622,-0.7283935802724262,-0.635215360226868,0.10252810405408674,-0.17917256695798697,-0.9275814253839683,0.12153794926931474,0.9818573970419816,1.0173086738180317,-0.6418705881974477,-0.3440104580768906,-0.9239672197916505,1.008518007029079,False,False,False,False,False,False,False,False,False,False,False,True,False,False,False,False,False,False,False,False,False,True,False,False,False,False,False,True,True,False,False,False,True,False,False,False,False,True,False,False,False,True,False,False,False,False,False,False
5,0.8802394452501398,-0.14550252746588094,0.17451017877307134,0.25513708260407714,0.19518099408452233,-0.26162705599481584,-0.09601638865058601,0.2455726927775607,-0.4843837173441235,0.4479063298090642,-0.4119803404405156,0.16382616140085304,0.73048066416506,-0.9961019603151292,-0.8643735925019049,0.4071081900577112,0.5848177787307144,-0.3242335168691182,-0.9364810065270021,True,False,False,False,False,False,False,False,False,False,False,False,False,False,False,False,False,False,False,False,False,True,False,True,False,False,True,False,True,False,False,False,True,False,False,False,True,False,False,False,False,False,False,False,False,True,False,False
167,0.8802394452501398,0.3386342519841358,-0.05968454634960708,0.16371253380044334,-0.14429024409316604,-0.706917804593436,-0.03089286496040193,0.4953076345852496,1.1370564436453787,0.7618865350408626,-0.2050400973449345,0.3235443448327781,-0.6903856705916789,-0.17195222808299968,-0.080339314868598,0.5992070459612924,-0.3440104580768906,1.5664523940392046,-0.126064750878635,False,False,False,False,False,False,False,False,False,False,False,False,False,False,False,False,False,False,True,False,False,True,False,True,True,False,False,False,False,True,False,False,True,False,False,False,False,True,False,False,False,False,False,False,False,True,False,False
56,1.681356243736222,0.8227710314341526,-0.5782585805498281,-0.434702694732419,-0.09579435292492092,-1.6784612560813326,-0.3466432828522035,-1.4026779231531863,-0.03188878869589011,0.10252810405408674,-0.17917256695798697,-0.07575111374703455,1.745385188991302,-1.325761853207981,-1.1779873035552277,0.25273759200303725,-2.2016669316921007,1.2615030535701202,-1.260647508786349,False,False,False,False,False,False,False,True,False,False,False,False,False,False,False,False,False,False,False,False,False,True,False,True,False,True,False,False,False,True,False,False,False,False,False,True,False,False,False,False,True,False,True,False,False,False,False,False
128,1.681356243736222,-0.14550252746588094,-1.5484938703437872,-0.44301401735093054,-0.4352655911026093,-0.8688417131747516,0.4822015641137757,1.6940353552621565,1.589551372293612,-1.121994696349926,-0.15330503657103944,2.7459367935503085,1.5424042840260537,-1.325761853207981,-0.8643735925019049,3.6282969245718673,1.5136460155383193,0.7193708927361931,-1.0985642576566754,False,False,False,False,False,False,False,False,False,False,False,False,False,False,True,False,False,False,False,False,False,True,False,True,False,False,False,False,False,True,True,False,False,True,False,False,False,False,True,False,False,False,False,False,False,True,False,False
76,0.8802394452501398,1.1556150673060392,-0.8459096949757471,-1.407127441098321,-0.7262409381120526,-1.1926895303373857,-1.2583726145147807,-0.8532610511762707,-1.3139577531992164,-0.08586001908499226,-0.17917256695798697,-0.9542011226226225,0.73048066416506,1.9708370757205371,1.6445360959246773,-0.4958050958481561,-0.3440104580768906,-1.1780916701825541,1.8189342626774458,False,False,False,False,False,False,False,False,False,False,True,False,False,False,False,False,False,False,False,False,False,True,False,True,False,True,False,False,True,False,False,False,True,False,False,False,False,True,False,False,False,True,False,False,False,False,False,False
144,-0.7219941517220247,-0.6296393069158978,-0.2938792714722879,-0.18536301617705933,-0.24128202642964255,0.22414466974913108,-0.33677608229308476,-0.4536851442839684,1.1370564436453787,-1.9383432299526004,-0.28264268850577756,-0.5815253612814639,-0.6903856705916789,-0.17195222808299968,-0.8643735925019049,-0.6107168729957662,-0.3440104580768906,-0.36489342893166266,-0.5312728787028186,False,False,False,False,False,False,False,False,False,False,False,False,False,False,False,False,False,True,False,False,False,True,False,False,False,False,True,False,False,False,False,False,False,True,False,False,False,True,False,False,False,True,False,False,False,False,False,False
104,1.681356243736222,2.154147174921699,-1.2473863666146277,-0.2934102102177161,0.9711152527763824,-1.637980278936003,1.0170038344180146,1.369379930912161,0.4206061399523433,0.03973206300772708,-0.28264268850577756,1.494811023333562,0.12153794926931474,-0.9961019603151292,-0.8643735925019049,1.28854103374181,1.5136460155383193,0.27888851205862664,-0.9364810065270021,False,False,False,False,False,False,False,False,False,False,False,True,False,False,False,False,False,False,False,False,False,True,False,True,False,True,False,False,False,True,False,False,False,False,True,False,False,False,True,False,False,False,False,False,False,True,False,False
177,-1.5231109502081068,-1.7492056093940616,0.6094432397151925,0.11384459808937186,0.2921727764210057,0.06222076116781544,-0.19271495412995024,-0.10405622575320385,-0.03188878869589011,0.8874786171335819,-0.36024527966662057,-0.31532838889492215,-1.9082711003831694,0.32253761125627806,0.23327439618472479,-0.2840842834192083,-0.3440104580768906,0.34665503216286736,0.2791433769455485,False,False,False,False,False,False,False,False,False,False,False,False,False,False,False,False,False,False,True,False,False,True,False,False,False,True,False,False,True,False,False,False,True,False,False,False,False,True,False,False,False,False,False,False,False,True,False,False
75,0.0791226467640575,-0.14550252746588094,0.659627823670052,0.3465616314077085,1.0196111439446207,0.42654955547577633,0.6992799764143893,0.34546666950063626,1.7403830151763549,-0.43123824483996975,-0.5413179923752538,1.8941064819133746,-0.2844238606611821,-0.9961019603151292,-1.0211804480285664,2.1500382830920013,-0.3440104580768906,1.2615030535701202,-1.0175226320918387,False,False,False,False,False,False,False,False,False,True,False,False,False,False,False,False,False,False,False,False,False,True,True,True,False,True,False,False,False,True,False,False,True,False,False,False,False,True,False,False,False,False,False,False,False,True,False,False
174,-1.5231109502081068,-1.7492056093940616,0.6094432397151925,0.11384459808937186,0.2921727764210057,0.46703053262110594,-0.14929927166982754,-0.40373815592243056,-0.18272043157863457,0.29091622719316573,3.2094739137321513,-0.8211026364293516,-1.299328385487424,0.8170274505955557,0.3900812517113862,-1.140881934893023,-0.3440104580768906,-0.2632436487753012,0.6033098792048953,False,False,False,False,False,False,False,False,False,False,False,False,False,False,False,False,False,False,True,False,False,False,True,False,False,False,True,False,True,False,False,False,True,False,False,False,False,True,False,False,False,False,False,True,False,False,False,False
31,0.8802394452501398,0.429409898131014,-2.033611515240768,-2.4626654136493453,-0.968720393953261,-1.1926895303373857,-1.4537431855853329,-0.8532610511762707,-1.5402052175233332,0.4793043503322448,-0.23090762773188248,-0.741243544713389,1.745385188991302,0.9818573970419816,1.1741155293446932,0.18244544601923574,-0.3440104580768906,-1.1780916701825541,1.0895596325939156,False,False,False,False,True,False,False,False,False,False,False,False,False,False,False,False,False,False,False,False,False,True,False,True,False,True,False,False,True,False,False,False,True,False,False,False,False,True,False,False,False,False,False,False,False,False,False,False
12,-0.7219941517220247,1.9725958826279424,0.40870490389575215,0.21358046951151716,-0.5322573734390926,0.22414466974913108,0.3045919540496373,0.9448305298390898,-0.03188878869589011,-0.2114521011777116,-0.28264268850577756,0.456642831026049,-1.806780647900545,-0.6664420674222774,-0.3939530259219208,0.4898906838588976,1.5136460155383193,-0.29712690882742193,-0.5312728787028186,False,True,False,False,False,False,False,False,False,False,False,False,False,False,False,False,False,False,False,False,False,True,False,True,False,False,True,False,False,True,False,False,True,False,False,False,False,False,True,False,False,False,False,False,False,True,False,False
35,-0.7219941517220247,-0.3875709171908893,-0.3775202447303878,-0.90013676136909,-0.9202245027850193,0.30510662403979033,-1.0768161242269947,-0.8532610511762707,-1.5402052175233332,0.4793043503322448,-0.23090762773188248,-0.741243544713389,1.745385188991302,0.8170274505955557,0.5468881072380476,-0.24312285247071333,-0.3440104580768906,-1.1780916701825541,0.684351504769732,False,False,False,False,True,False,False,False,False,False,False,False,False,False,False,False,False,False,False,False,False,True,False,False,False,False,True,False,True,False,False,False,True,False,False,False,False,True,False,False,False,False,False,False,False,False,False,False
125,1.681356243736222,1.9120787851966903,-0.7120841377627876,-0.44301401735093054,1.1650988174493424,-1.4355753932093578,0.43878588165365295,0.620175105489094,2.3437095867073325,-0.4626362653631503,-0.15330503657103944,1.042276170276441,0.73048066416506,-0.9961019603151292,-0.5507598814485821,1.221610898147515,-0.3440104580768906,1.820576844430108,-0.7743977553973287,False,False,False,False,False,False,False,False,False,False,False,False,False,False,True,False,False,False,False,False,False,True,False,True,False,True,False,False,False,True,False,False,True,False,False,False,False,True,False,False,False,False,False,False,False,True,False,False
42,0.0791226467640575,-0.4783465633377675,-0.3775202447303878,-0.42639137211390754,0.0496933205798007,-1.1117275760467265,-0.5183325725808706,-0.40373815592243056,-0.635215360226868,1.0130706992263012,-0.25677515811883,-0.10237081098568873,0.73048066416506,-0.0071222816365737705,0.07646754065806341,0.3785793504061151,-0.3440104580768906,-0.2632436487753012,0.03601850025103841,False,False,False,False,True,False,False,False,False,False,False,False,False,False,False,False,False,False,False,False,False,True,False,True,False,False,True,False,True,False,False,False,True,False,False,False,False,True,False,False,False,True,False,False,False,False,False,False
156,-0.7219941517220247,-0.9624833427877842,-0.5113458019433472,-0.6591084054322418,-0.7262409381120526,-0.30210803314014545,-0.9367018762875078,-0.7034200860916573,-0.4843837173441235,-0.7138204295485889,-0.28264268850577756,-0.9009617281453141,-0.6903856705916789,0.8170274505955557,1.0173086738180317,-0.6904524781522203,-0.3440104580768906,-0.8731423297134698,0.9274763814642422,False,False,False,False,False,False,False,False,False,False,False,False,False,False,False,False,False,False,True,False,False,True,False,False,False,False,True,False,True,False,False,False,True,False,False,False,False,True,False,False,False,True,False,False,False,False,False,False
136,1.681356243736222,0.8227710314341526,0.05741281621173095,1.0280900861256907,0.2921727764210057,0.9528022583650557,0.49798908500836575,-0.12902971993397275,0.8353931578798898,-0.5882283474558696,-0.28264268850577756,1.494811023333562,0.73048066416506,-0.9961019603151292,-0.7075667369752435,1.8115990677971077,-0.3440104580768906,0.29583014208468666,-0.8554393809621653,False,False,False,False,False,False,False,False,False,False,False,False,False,False,False,False,True,False,False,False,False,True,True,True,False,True,False,False,True,False,False,False,False,False,False,False,False,True,False,False,False,False,False,False,False,True,False,False
140,0.8802394452501398,-1.2045517325127926,-0.9128224735822279,-1.407127441098321,-1.0172162851215028,0.79087834978374,-0.62292489850753,-0.4536851442839684,1.1370564436453787,-1.9383432299526004,-0.36024527966662057,-0.8211026364293516,-1.5023092904526725,0.15770766480985213,0.07646754065806341,-0.802828410092786,-0.3440104580768906,-0.36489342893166266,0.11706012581587512,False,False,False,False,False,False,False,False,False,False,False,False,False,False,False,False,False,True,False,False,False,True,False,True,False,True,False,False,False,False,False,False,False,True,False,False,False,True,False,False,False,True,False,False,False,False,False,False
51,0.0791226467640575,-0.5691222094846456,-0.9462788628854684,-1.2575236339651066,-0.8232327204485359,0.1431827154584747,-1.2938945365276084,-0.8782345453570396,-1.0877102888751013,-0.3370441832704309,-0.28264268850577756,-0.9542011226226225,-0.2844238606611821,0.9818573970419816,1.1741155293446932,-0.45980279307486804,-0.3440104580768906,-1.2289165602607348,1.0895596325939156,False,False,False,False,False,False,False,True,False,False,False,False,False,False,False,False,False,False,False,False,False,True,False,True,False,True,False,False,True,False,False,False,True,False,False,False,False,True,False,False,False,True,False,False,False,False,False,False
113,-0.7219941517220247,-0.14550252746588094,2.583370208606351,2.0503827682026667,1.2135947086175876,1.1956881212370307,1.4393200183482993,-0.15400321411474163,0.5337298721144008,-3.351254153495692,-0.4378478708274632,-0.23546929717895965,-0.2844238606611821,-0.9961019603151292,-1.0211804480285664,-1.196208029025033,-0.3440104580768906,0.24500525200650594,-1.0175226320918387,False,False,False,False,False,False,False,False,False,False,False,False,True,False,False,False,False,False,False,False,False,True,False,False,False,False,False,True,False,True,False,True,False,False,False,False,False,True,False,False,False,False,False,False,False,True,False,False
166,0.0791226467640575,1.3674249083154215,-0.7120841377627876,-0.45963666258795594,-0.9202245027850193,-0.46403194172146106,-0.5045184917981044,-0.7034200860916573,-0.29584416374069206,-0.5568303269326891,-0.17917256695798697,0.2170655558781614,2.9632706187827926,0.15770766480985213,-0.2371461703952594,0.9236002699263374,-0.3440104580768906,-0.8731423297134698,-0.0450231253137983,False,False,False,False,False,False,False,False,False,False,False,False,False,False,False,False,False,False,True,False,False,True,False,True,False,True,False,False,False,True,False,False,False,False,False,False,False,True,False,False,False,False,False,False,False,True,False,False
41,-0.7219941517220247,-1.1440346350815405,-0.3775202447303878,0.09722195285234883,-0.3382738087661259,0.1431827154584747,-0.17890087334718394,-0.40373815592243056,-0.635215360226868,1.0130706992263012,-0.28264268850577756,-0.07575111374703455,1.3394233790608052,-0.17195222808299968,-0.3939530259219208,0.09588291068010822,-0.3440104580768906,-0.2632436487753012,-0.2881480020083084,False,False,False,False,True,False,False,False,False,False,False,False,False,False,False,False,False,False,False,False,False,True,False,False,False,False,True,False,True,False,False,False,True,False,False,False,False,True,False,False,False,False,False,False,False,True,False,False
124,1.681356243736222,-0.14550252746588094,-0.4778894126401068,-0.08562714475491638,0.19518099408452233,-1.4355753932093578,0.5177234861266033,0.7450425763929386,1.0239327114833194,1.8922152738753353,-0.7999932962447299,1.0955155647537493,-0.2844238606611821,-0.9961019603151292,-1.0211804480285664,1.21936535355511,-0.3440104580768906,2.0747012948210117,-1.0175226320918387,False,False,False,False,False,False,False,False,False,False,False,False,False,True,False,False,False,False,False,False,False,True,True,True,False,True,False,False,False,True,False,False,True,False,False,False,False,True,False,False,False,False,False,False,False,False,True,False
78,0.8802394452501398,1.1556150673060392,-0.8459096949757471,-1.407127441098321,-0.7262409381120526,-1.1926895303373857,-1.0886567648979373,-0.8532610511762707,-1.3139577531992164,-0.08586001908499226,-0.17917256695798697,-0.9542011226226225,0.73048066416506,0.9818573970419816,1.1741155293446932,-0.6588893793133163,-0.3440104580768906,-1.1780916701825541,1.0895596325939156,False,False,False,False,False,False,False,False,False,False,True,False,False,False,False,False,False,False,False,False,False,True,False,True,False,True,False,False,True,False,False,False,True,False,False,False,False,True,False,False,False,True,False,False,False,False,False,False
119,0.0791226467640575,-0.11524397875025488,-0.8459096949757471,-1.407127441098321,-1.0172162851215028,-1.1926895303373857,-0.843950191031791,-0.7034200860916573,-1.0877102888751013,0.41650830928588506,-0.6447881139230444,-0.04913141650838038,0.73048066416506,-0.17195222808299968,-0.080339314868598,0.8417804585760885,-0.3440104580768906,-0.8731423297134698,-0.126064750878635,False,False,False,False,False,False,False,False,False,False,False,False,False,True,False,False,False,False,False,False,False,True,True,True,False,True,False,False,True,False,False,False,True,False,False,False,False,True,False,False,False,False,False,False,False,False,True,False
26,0.0791226467640575,0.7622539340029005,-0.8459096949757471,-1.407127441098321,-1.0172162851215028,-1.273651484628042,-1.1182583665752936,-0.9032080395378085,-1.3139577531992164,-0.08586001908499226,-0.17917256695798697,-0.9542011226226225,0.73048066416506,0.9818573970419816,1.1741155293446932,-0.6314598258664942,-0.3440104580768906,-1.2797414503389155,1.0895596325939156,False,False,False,True,False,False,False,False,False,False,False,False,False,False,False,False,False,False,False,False,False,True,False,False,False,False,True,False,True,False,False,False,True,False,False,False,False,True,False,False,False,True,False,False,False,False,False,False
137,0.8802394452501398,-0.5691222094846456,0.05741281621173095,1.0280900861256907,0.2921727764210057,0.9528022583650557,0.5749532493694924,-0.12902971993397275,0.8353931578798898,-0.5882283474558696,-0.28264268850577756,1.494811023333562,0.73048066416506,-0.9961019603151292,-0.7075667369752435,1.7279326673291762,-0.3440104580768906,0.29583014208468666,-0.8554393809621653,False,False,False,False,False,False,False,False,False,False,False,False,False,False,False,False,True,False,False,False,False,True,True,False,False,False,True,False,True,False,False,False,False,False,False,False,False,True,False,False,False,False,False,False,False,True,False,False
200,-1.5231109502081068,-0.84144914792528,1.7302322813737299,1.210939183732956,1.4560741644587925,0.7099163954930808,0.7821644611109871,0.37044016368140514,1.7403830151763549,-0.3370441832704309,-0.15330503657103944,0.27030495035546975,0.5274997591998115,-0.33678217452942555,-0.3939530259219208,-0.15662749516205948,-0.3440104580768906,1.312327943648301,-0.3691896275731451,False,False,False,False,False,False,False,False,False,False,False,False,False,False,False,False,False,False,False,False,True,True,False,False,False,False,True,False,False,True,False,False,True,False,False,False,False,True,False,False,False,False,False,False,False,True,False,False
117,-0.7219941517220247,1.1556150673060392,1.5462221402059109,1.0364014087442024,1.1650988174493424,0.9123212812197261,1.1334368010156164,0.1956257044160229,1.0993485329246917,-0.1486560601313519,-0.7999932962447299,1.0156564730377868,0.9334615691303083,-1.160931906761555,-1.0211804480285664,0.5668488535255329,-0.3440104580768906,0.956553713101036,-1.0985642576566754,False,False,False,False,False,False,False,False,False,False,False,False,True,False,False,False,False,False,False,False,False,True,True,False,False,False,True,False,False,True,False,True,False,False,False,False,False,True,False,False,False,False,False,False,False,True,False,False
2,0.0791226467640575,-0.14550252746588094,-0.7120841377627876,-0.2518535971251562,-0.1927861352614043,-0.5449938960121203,0.5275906866857222,0.645148599669863,-2.4074871640991127,0.6676924734713238,-0.28264268850577756,1.3350928399016369,-0.2844238606611821,-0.9961019603151292,-0.7075667369752435,1.5513263216868247,1.5136460155383193,-0.7037260294528677,-0.8554393809621653,False,False,False,False,False,False,False,False,False,False,False,False,False,False,False,False,False,False,False,False,False,True,False,True,False,True,False,False,False,True,False,False,False,False,True,False,False,False,True,False,False,False,False,False,False,True,False,False
77,0.8802394452501398,1.1556150673060392,-0.8459096949757471,-1.407127441098321,-0.7262409381120526,-1.1926895303373857,-1.207063171607363,-0.8532610511762707,-1.3139577531992164,-0.08586001908499226,-0.17917256695798697,-0.9542011226226225,0.73048066416506,0.9818573970419816,1.1741155293446932,-0.5466313920587306,-0.3440104580768906,-1.1780916701825541,1.0895596325939156,False,False,False,False,False,False,False,False,False,False,True,False,False,False,False,False,False,False,False,False,False,True,False,True,False,True,False,False,True,False,False,False,True,False,False,False,False,True,False,False,False,True,False,False,False,False,False,False
46,0.8802394452501398,-0.14550252746588094,-0.46116121798848775,-0.13549508046598785,-0.3382738087661259,-0.9498036674654109,0.3519545167334075,-0.17897670829551052,0.4206061399523433,-0.08586001908499226,-0.23090762773188248,-0.3685677833722305,-0.2844238606611821,-0.17195222808299968,-0.2371461703952594,-0.767508003101419,-0.3440104580768906,0.19418036192832522,-0.2071063764434717,False,False,False,False,False,True,False,False,False,False,False,False,False,False,False,False,False,False,False,False,False,True,False,True,False,True,False,False,False,True,False,False,True,False,False,False,False,True,False,False,False,False,False,False,False,False,False,True
122,0.0791226467640575,0.9438052262966568,-0.8459096949757471,-0.575995179247122,-1.0172162851215028,-1.1926895303373857,-0.7196234639868941,-0.7034200860916573,-1.3139577531992164,-0.08586001908499226,-0.17917256695798697,-0.9542011226226225,0.73048066416506,0.9818573970419816,1.1741155293446932,-0.9693178107045007,-0.3440104580768906,-0.8731423297134698,1.0895596325939156,False,False,False,False,False,False,False,False,False,False,False,False,False,True,False,False,False,False,False,False,False,True,False,False,False,False,True,False,True,False,False,False,True,False,False,False,False,True,False,False,False,True,False,False,False,False,False,False
127,1.681356243736222,-0.14550252746588094,-1.5484938703437872,-0.44301401735093054,-0.4352655911026093,-0.8688417131747516,0.3953701991935302,1.6940353552621565,1.589551372293612,-1.121994696349926,-0.15330503657103944,2.7459367935503085,1.5424042840260537,-1.325761853207981,-0.8643735925019049,3.7548104165896787,1.5136460155383193,0.7193708927361931,-1.0985642576566754,False,False,False,False,False,False,False,False,False,False,False,False,False,False,True,False,False,False,False,False,False,True,False,True,True,False,False,False,False,True,True,False,False,True,False,False,False,False,True,False,False,False,False,False,False,True,False,False
85,0.0791226467640575,0.0663073135435014,-0.4109766340336283,-0.15211772570301088,-0.24128202642964255,-0.8688417131747516,-0.37624488452955995,-0.10405622575320385,0.11894285418685435,0.6362944529481432,-0.4119803404405156,-0.42180717784953886,-0.2844238606611821,-0.0071222816365737705,0.23327439618472479,-0.3076124841482962,-0.3440104580768906,0.34665503216286736,0.11706012581587512,False,False,False,False,False,False,False,False,False,False,True,False,False,False,False,False,False,False,False,False,False,True,False,False,False,False,True,False,True,False,False,False,True,False,False,False,False,True,False,False,False,True,False,False,False,False,False,False
138,0.8802394452501398,-1.2045517325127926,-0.8459096949757471,-1.4403727315723693,-1.211199849794466,-0.01874119312284093,-0.9978785197540443,-0.7283935802724262,1.1370564436453787,-2.817487804601636,-0.28264268850577756,-0.9275814253839683,-0.4874047656264305,0.9818573970419816,0.8605018182913704,-0.6882162550424598,-0.3440104580768906,-0.9239672197916505,0.9274763814642422,False,False,False,False,False,False,False,False,False,False,False,False,False,False,False,False,False,True,False,False,False,True,False,True,False,True,False,False,True,False,False,False,False,True,False,False,False,True,False,False,False,True,False,False,False,False,False,False
36,-0.7219941517220247,-1.355844476090923,-0.3775202447303878,-1.4237500863353463,-0.968720393953261,1.8433837555622932,-1.0491879626614622,-0.8532610511762707,-1.5024973068026477,0.4793043503322448,-0.23090762773188248,-0.741243544713389,1.745385188991302,0.8170274505955557,0.5468881072380476,-0.27115692084743087,-0.3440104580768906,-1.1780916701825541,0.684351504769732,False,False,False,False,True,False,False,False,False,False,False,False,False,False,False,False,False,False,False,False,False,True,False,False,False,False,False,True,True,False,False,False,True,False,False,False,False,True,False,False,False,False,False,False,False,False,False,False
114,-0.7219941517220247,-0.14550252746588094,2.583370208606351,2.0503827682026667,1.2135947086175876,2.005307664143612,1.8340080407130512,0.645148599669863,1.4387197294108676,0.8246825760872222,2.821460957927937,-0.23546929717895965,-2.0097615528657937,-0.0071222816365737705,-0.8643735925019049,-1.3741041631620121,-0.3440104580768906,1.871401734508289,-0.45023125313798185,False,False,False,False,False,False,False,False,False,False,False,False,True,False,False,False,False,False,False,False,False,False,True,False,False,False,False,True,False,True,False,True,False,False,False,False,False,True,False,False,False,False,False,True,False,False,False,False
61,0.0791226467640575,0.1873415084060056,0.007228232256871456,0.29669369569663706,0.2921727764210057,-0.01874119312284093,-0.33677608229308476,-0.10405622575320385,0.26977449706959883,0.41650830928588506,-0.3861128100535681,-0.5282859668041556,-0.6903856705916789,0.15770766480985213,0.23327439618472479,-0.520830743889275,-0.3440104580768906,0.34665503216286736,0.19810175138071182,False,False,False,False,False,False,False,True,False,False,False,False,False,False,False,False,False,False,False,False,False,True,False,True,False,True,False,False,True,False,False,False,True,False,False,False,False,True,False,False,False,True,False,False,False,False,False,False
22,0.0791226467640575,-0.14550252746588094,-0.8459096949757471,-1.407127441098321,-1.0172162851215028,-1.1926895303373857,-1.3412570992113786,-0.9032080395378085,-1.3139577531992164,-0.08586001908499226,-0.17917256695798697,-0.9542011226226225,0.73048066416506,0.9818573970419816,1.1741155293446932,-0.41072502710531117,-0.3440104580768906,-1.2797414503389155,1.0895596325939156,False,False,False,True,False,False,False,False,False,False,False,False,False,False,False,False,False,False,False,False,False,True,False,True,False,True,False,False,True,False,False,False,True,False,False,False,False,True,False,False,False,True,False,False,False,False,False,False
135,0.8802394452501398,-0.5691222094846456,0.05741281621173095,1.0280900861256907,0.2921727764210057,0.9528022583650557,0.39931707941717776,-0.12902971993397275,0.8353931578798898,-0.5882283474558696,-0.2050400973449345,0.16382616140085304,0.22302840175193894,-0.6664420674222774,-0.3939530259219208,-0.02091655448954099,-0.3440104580768906,0.29583014208468666,-0.5312728787028186,False,False,False,False,False,False,False,False,False,False,False,False,False,False,False,False,True,False,False,False,False,True,False,False,False,False,True,False,True,False,False,False,True,False,False,False,False,True,False,False,False,False,False,False,False,True,False,False
192,-0.7219941517220247,-0.14550252746588094,0.2748793466827927,0.49616543854092293,0.4861563410939725,0.5479924869117652,0.046071299400724706,-0.7283935802724262,-1.1631261103164736,0.4479063298090642,3.3388115656668895,-0.9542011226226225,-1.299328385487424,1.3115172899348335,1.1741155293446932,-1.469810783948033,-0.3440104580768906,-0.9239672197916505,1.251642883723589,False,False,False,False,False,False,False,False,False,False,False,False,False,False,False,False,False,False,False,True,False,False,True,False,False,False,True,False,True,False,False,False,True,False,False,False,False,True,False,False,False,False,False,True,False,False,False,False
33,0.0791226467640575,-0.6598978556315238,-0.8459096949757471,-2.013853992249697,-0.9202245027850193,-0.46403194172146106,-1.214956932054658,-0.8532610511762707,-1.5402052175233332,0.4793043503322448,-0.23090762773188248,-0.741243544713389,1.745385188991302,0.8170274505955557,0.5468881072380476,-0.0968832792890724,-0.3440104580768906,-1.1780916701825541,0.684351504769732,False,False,False,False,True,False,False,False,False,False,False,False,False,False,False,False,False,False,False,False,False,True,False,True,False,True,False,False,True,False,False,False,True,False,False,False,False,True,False,False,False,False,False,False,False,False,False,False
11,-0.7219941517220247,2.0936300774904466,0.40870490389575215,0.21358046951151716,-0.5322573734390926,0.22414466974913108,-0.31704168117484716,-0.4536851442839684,0.6845615149971452,-1.4359749015817245,-0.3343777492796726,-0.07575111374703455,1.3394233790608052,-0.33678217452942555,-0.2371461703952594,0.22424832838071002,-0.3440104580768906,-0.36489342893166266,-0.2881480020083084,False,True,False,False,False,False,False,False,False,False,False,False,False,False,False,False,False,False,False,False,False,True,False,False,False,False,True,False,False,True,False,False,True,False,False,False,False,True,False,False,False,False,False,False,False,True,False,False
199,-1.5231109502081068,-1.4768786709534272,0.9272789380959708,1.210939183732956,0.6316440145986941,1.5195359383996618,1.186719684034858,0.09573172769294731,1.1370564436453787,-0.3370441832704309,-0.6706556443099918,1.5480504178108703,-0.08144295569593367,-1.325761853207981,-1.334794159081889,1.2043166899692612,-0.3440104580768906,0.7532541527883131,-1.3416891343511856,False,False,False,False,False,False,False,False,False,False,False,False,False,False,False,False,False,False,False,False,True,True,True,False,False,False,False,True,False,True,False,False,True,False,False,False,False,True,False,False,False,False,False,False,False,True,False,False
163,0.0791226467640575,1.3674249083154215,-0.7120841377627876,-0.45963666258795594,-0.9202245027850193,-0.46403194172146106,-0.7630391464470169,-0.7034200860916573,-0.4843837173441235,-0.7138204295485889,-0.28264268850577756,-0.9009617281453141,-0.6903856705916789,0.6521975041491298,0.5468881072380476,-0.8367375959772325,-0.3440104580768906,-0.8731423297134698,0.6033098792048953,False,False,False,False,False,False,False,False,False,False,False,False,False,False,False,False,False,False,True,False,False,True,False,True,False,False,True,False,False,True,False,False,True,False,False,False,False,True,False,False,False,True,False,False,False,False,False,False
6,0.0791226467640575,1.064839421159161,1.1782018578702707,1.5350807658549217,2.6684714436648176,0.79087834978374,0.5690329290340211,0.2455726927775607,-0.4843837173441235,0.4479063298090642,-0.4119803404405156,0.16382616140085304,0.73048066416506,-0.9961019603151292,-0.8643735925019049,-0.15019268621282592,0.5848177787307144,-0.3242335168691182,-0.9364810065270021,True,False,False,False,False,False,False,False,False,False,False,False,False,False,False,False,False,False,False,False,False,True,False,False,False,False,True,False,True,False,False,False,True,False,False,False,True,False,False,False,False,False,False,False,False,True,False,False
27,0.0791226467640575,0.7622539340029005,-0.8459096949757471,-1.407127441098321,-1.0172162851215028,-1.273651484628042,-0.7196234639868941,-0.7034200860916573,-1.0877102888751013,0.41650830928588506,-0.6447881139230444,-0.04913141650838038,0.73048066416506,-0.17195222808299968,-0.080339314868598,0.694047367124198,-0.3440104580768906,-0.8731423297134698,-0.126064750878635,False,False,False,True,False,False,False,False,False,False,False,False,False,False,False,False,False,False,False,False,False,True,True,False,False,False,True,False,True,False,False,False,True,False,False,False,False,True,False,False,False,False,False,False,False,True,False,False
126,1.681356243736222,-0.14550252746588094,-1.5484938703437872,-0.44301401735093054,-0.4352655911026093,-0.8688417131747516,0.3953701991935302,1.6940353552621565,1.589551372293612,-1.121994696349926,-0.15330503657103944,2.7459367935503085,1.5424042840260537,-1.325761853207981,-0.8643735925019049,3.7548104165896787,1.5136460155383193,0.7193708927361931,-1.0985642576566754,False,False,False,False,False,False,False,False,False,False,False,False,False,False,True,False,False,False,False,False,False,True,False,True,True,False,False,False,False,True,True,False,False,True,False,False,False,False,True,False,False,False,False,False,False,True,False,False
196,-2.324227748694189,-0.5993807582002717,0.9272789380959708,1.210939183732956,0.6316440145986941,0.9932832355103853,0.7486159792099832,0.37044016368140514,1.7403830151763549,-0.3370441832704309,-0.15330503657103944,0.27030495035546975,0.5274997591998115,-0.17195222808299968,-0.3939530259219208,-0.13265129365936917,-0.3440104580768906,1.312327943648301,-0.2881480020083084,False,False,False,False,False,False,False,False,False,False,False,False,False,False,False,False,False,False,False,False,True,True,False,False,False,False,True,False,False,True,False,False,True,False,False,False,False,True,False,False,False,False,False,False,False,True,False,False
141,-0.7219941517220247,-0.6296393069158978,-0.2604228821690474,-0.18536301617705933,-0.24128202642964255,-0.5045129188667907,-0.8104017091307871,-0.4536851442839684,1.1370564436453787,-1.9383432299526004,-0.15330503657103944,-0.5815253612814639,-0.6903856705916789,1.1466873434884075,1.0173086738180317,-0.1983721128988558,-0.3440104580768906,-0.36489342893166266,1.0895596325939156,False,False,False,False,False,False,False,False,False,False,False,False,False,False,False,False,False,True,False,False,False,True,False,False,False,False,True,False,True,False,False,False,False,True,False,False,False,True,False,False,False,True,False,False,False,False,False,False
4,0.8802394452501398,1.2463907134529173,0.10759740016659282,0.19695782427449177,0.24367688525276746,0.22414466974913108,0.5295641267975459,0.2455726927775607,-0.4843837173441235,0.4479063298090642,-0.5413179923752538,0.29692464759412396,0.73048066416506,-1.160931906761555,-1.334794159081889,0.06895149027457946,0.5848177787307144,-0.3242335168691182,-1.260647508786349,True,False,False,False,False,False,False,False,False,False,False,False,False,False,False,False,False,False,False,False,False,True,False,False,False,False,True,False,False,False,False,False,True,False,False,False,True,False,False,False,False,False,False,False,False,True,False,False
32,0.0791226467640575,-0.6598978556315238,-0.8459096949757471,-2.013853992249697,-0.9202245027850193,-0.46403194172146106,-1.418221263572505,-1.1779164755262663,-1.5402052175233332,-0.5882283474558696,0.001900145750646194,-1.167158700531856,0.73048066416506,2.135667022166963,1.8013429514513388,-0.7950397082402688,-0.3440104580768906,-1.8388152411989034,1.9810175138071193,False,False,False,False,True,False,False,False,False,False,False,False,False,False,False,False,False,False,False,False,False,True,False,True,False,True,False,False,True,False,False,False,True,False,False,False,False,True,False,False,False,False,False,False,False,False,False,False
109,-0.7219941517220247,-0.14550252746588094,2.583370208606351,2.0503827682026667,1.2135947086175876,2.005307664143612,1.3307808121979925,-0.15400321411474163,0.5337298721144008,-0.2114521011777116,-0.4378478708274632,-0.18222990270165126,-0.2844238606611821,-0.9961019603151292,-1.0211804480285664,-1.0770533462162064,-0.3440104580768906,0.24500525200650594,-1.0175226320918387,False,False,False,False,False,False,False,False,False,False,False,False,True,False,False,False,False,False,False,False,False,True,False,False,False,False,False,True,False,True,False,True,False,False,False,False,False,True,False,False,False,False,False,False,False,True,False,False
187,0.8802394452501398,-0.8717076966409061,-0.24369468751742837,-0.21029698403259622,-0.1927861352614043,0.79087834978374,-0.4670231296734529,-0.7283935802724262,-1.1631261103164736,0.4479063298090642,3.3388115656668895,-0.9542011226226225,-1.299328385487424,1.9708370757205371,1.8013429514513388,-1.1529407022629943,-0.3440104580768906,-0.9239672197916505,1.8999758882422826,False,False,False,False,False,False,False,False,False,False,False,False,False,False,False,False,False,False,False,True,False,False,True,False,False,False,True,False,True,False,False,False,True,False,False,False,False,True,False,False,False,False,False,True,False,False,False,False
115,-0.7219941517220247,1.1556150673060392,1.529493945554292,1.0364014087442024,1.2135947086175876,1.1956881212370307,1.0248975948653096,-0.15400321411474163,0.5337298721144008,-0.2114521011777116,-0.4378478708274632,-0.18222990270165126,-0.2844238606611821,-0.9961019603151292,-1.0211804480285664,-0.9147950707291876,-0.3440104580768906,0.24500525200650594,-1.0175226320918387,False,False,False,False,False,False,False,False,False,False,False,False,True,False,False,False,False,False,False,False,False,True,False,False,False,False,True,False,False,True,False,True,False,False,False,False,False,True,False,False,False,False,False,False,False,True,False,False
148,-0.7219941517220247,-1.1440346350815405,-0.3106074661239069,-0.052381854280867945,-0.24128202642964255,0.46703053262110594,-0.26770567837925313,-0.4536851442839684,1.1370564436453787,-1.9383432299526004,-0.28264268850577756,-0.5815253612814639,-0.6903856705916789,-0.33678217452942555,-0.2371461703952594,-0.664017118974202,-0.3440104580768906,-0.36489342893166266,-0.2881480020083084,False,False,False,False,False,False,False,False,False,False,False,False,False,False,False,False,False,True,False,False,False,True,False,False,False,False,False,True,False,False,False,False,False,True,False,False,False,True,False,False,False,True,False,False,False,False,False,False
10,0.8802394452501398,2.0936300774904466,0.40870490389575215,0.21358046951151716,-0.5322573734390926,0.22414466974913108,-0.31704168117484716,-0.4536851442839684,0.6845615149971452,-1.4359749015817245,-0.3343777492796726,-0.07575111374703455,1.3394233790608052,-0.33678217452942555,-0.2371461703952594,0.22424832838071002,-0.3440104580768906,-0.36489342893166266,-0.2881480020083084,False,True,False,False,False,False,False,False,False,False,False,False,False,False,False,False,False,False,False,False,False,True,False,True,False,False,True,False,False,True,False,False,True,False,False,False,False,True,False,False,False,False,False,False,False,True,False,False
62,-0.7219941517220247,-0.23627817361275907,0.007228232256871456,0.29669369569663706,0.2921727764210057,0.7099163954930808,-0.28744007949749073,-0.10405622575320385,0.26977449706959883,0.41650830928588506,-0.3861128100535681,-0.5282859668041556,-0.6903856705916789,0.15770766480985213,0.23327439618472479,-0.5599927503464596,-0.3440104580768906,0.34665503216286736,0.19810175138071182,False,False,False,False,False,False,False,True,False,False,False,False,False,False,False,False,False,False,False,False,False,True,False,False,False,False,True,False,True,False,False,False,True,False,False,False,False,True,False,False,False,True,False,False,False,False,False,False
118,0.0791226467640575,-0.11524397875025488,-0.8459096949757471,-1.407127441098321,-1.0172162851215028,-1.1926895303373857,-1.2583726145147807,-0.9032080395378085,-1.3139577531992164,-0.08586001908499226,-0.17917256695798697,-0.9542011226226225,0.73048066416506,1.9708370757205371,1.6445360959246773,-0.4958050958481561,-0.3440104580768906,-1.2797414503389155,1.8189342626774458,False,False,False,False,False,False,False,False,False,False,False,False,False,True,False,False,False,False,False,False,False,True,False,True,False,True,False,False,True,False,False,False,True,False,False,False,False,True,False,False,False,True,False,False,False,False,False,False
150,0.0791226467640575,-1.0835175376502884,-0.5113458019433472,-1.290768924439155,-1.1142080674579826,0.30510662403979033,-1.1261521270225887,-0.8532610511762707,-1.012294467433729,-0.7138204295485889,-0.28264268850577756,-1.1139193060545476,-0.6903856705916789,1.6411771828276853,1.3309223848713545,-0.9480728739244096,-0.3440104580768906,-1.1780916701825541,1.4947677604180991,False,False,False,False,False,False,False,False,False,False,False,False,False,False,False,False,False,False,True,False,False,True,False,True,False,True,False,False,True,False,False,False,True,False,False,False,False,True,False,False,False,True,False,False,False,False,False,False
170,0.8802394452501398,0.3386342519841358,-0.05968454634960708,0.16371253380044334,-0.14429024409316604,-0.706917804593436,0.2434153105831007,0.4953076345852496,1.1370564436453787,0.7618865350408626,-0.2050400973449345,0.3235443448327781,-0.6903856705916789,-0.17195222808299968,-0.080339314868598,0.3452165739519893,-0.3440104580768906,1.5664523940392046,-0.126064750878635,False,False,False,False,False,False,False,False,False,False,False,False,False,False,False,False,False,False,True,False,False,True,False,True,True,False,False,False,False,True,False,False,True,False,False,False,False,True,False,False,False,False,False,False,False,True,False,False
0,1.681356243736222,-0.14550252746588094,-1.699047622208368,-0.4513253399694421,-0.8717286116167811,-2.002309073243967,-0.01510534406581185,0.09573172769294731,0.5714377828350877,-1.812751147859881,-0.28264268850577756,0.19044585863950722,-0.2844238606611821,-0.6664420674222774,-0.5507598814485821,0.37349743587650513,-0.3440104580768906,0.7532541527883131,-0.6123145042676552,False,False,False,False,False,False,False,False,False,False,False,False,False,False,False,False,False,False,False,False,False,True,False,True,False,False,False,False,False,True,False,False,False,False,False,False,False,True,False,False,False,False,False,False,False,True,False,False
184,0.8802394452501398,-0.8717076966409061,-0.24369468751742837,-0.21029698403259622,-0.1927861352614043,0.79087834978374,-0.5755623358237597,-0.7283935802724262,-1.1631261103164736,0.4479063298090642,3.3388115656668895,-1.3801162784410894,-0.6903856705916789,1.9708370757205371,2.428570373557984,-1.8341052043948005,-0.3440104580768906,-0.9239672197916505,2.2241423905016293,False,False,False,False,False,False,False,False,False,False,False,False,False,False,False,False,False,False,False,True,False,False,False,False,False,False,True,False,True,False,False,False,True,False,False,False,False,True,False,False,False,False,False,True,False,False,False,False
183,0.8802394452501398,-0.02446833260337674,-0.24369468751742837,-0.21029698403259622,-0.1927861352614043,0.79087834978374,-0.6841015419740665,-0.42871165010319945,-0.4843837173441235,0.4479063298090642,-0.28264268850577756,-0.5016662695655014,0.22302840175193894,0.32253761125627806,0.5468881072380476,-0.1715199809582329,-0.3440104580768906,-0.31406853885348196,0.44122662807522195,False,False,False,False,False,False,False,False,False,False,False,False,False,False,False,False,False,False,False,True,False,True,False,True,False,False,True,False,True,False,False,False,True,False,False,False,False,True,False,False,False,False,False,False,False,True,False,False
70,-1.5231109502081068,-0.9019662453565321,2.817564933729029,2.357901705087609,2.813959117169539,1.033764212655712,2.396438472582823,1.4193269192736988,0.9862248007626342,1.2014588223653802,2.950798609862675,0.5098822255033574,-1.6037997429352968,-0.5016121209758515,-0.8643735925019049,-0.7988936034925775,0.5848177787307144,1.5867823500704772,-0.693356129832492,False,False,False,False,False,False,False,False,True,False,False,False,False,False,False,False,False,False,False,False,False,False,True,False,False,False,True,False,False,True,False,False,True,False,False,False,True,False,False,False,False,False,False,True,False,False,False,False
203,-1.5231109502081068,-0.84144914792528,1.7302322813737299,1.210939183732956,1.4560741644587925,0.7099163954930808,1.3051260907442837,0.47033414040448074,-1.1631261103164736,0.4479063298090642,3.3388115656668895,0.05734737244623634,-0.6903856705916789,0.15770766480985213,-0.5507598814485821,-0.764168729089284,1.5136460155383193,-0.9409088498177105,-0.2071063764434717,False,False,False,False,False,False,False,False,False,False,False,False,False,False,False,False,False,False,False,False,True,False,True,False,False,False,True,False,False,True,False,False,True,False,False,False,False,False,True,False,False,False,False,True,False,False,False,False
64,-0.7219941517220247,-0.23627817361275907,0.007228232256871456,0.29669369569663706,0.2921727764210057,0.7099163954930808,-0.2578384778201343,-0.10405622575320385,0.26977449706959883,0.41650830928588506,-0.3861128100535681,-0.5282859668041556,-0.6903856705916789,0.15770766480985213,0.23327439618472479,-0.5831023714764518,-0.3440104580768906,0.34665503216286736,0.19810175138071182,False,False,False,False,False,False,False,True,False,False,False,False,False,False,False,False,False,False,False,False,False,True,False,False,False,True,False,False,True,False,False,False,True,False,False,False,False,True,False,False,False,True,False,False,False,False,False,False
165,0.0791226467640575,1.3674249083154215,-0.7120841377627876,-0.45963666258795594,-0.9202245027850193,-0.46403194172146106,-0.5735888957119359,-0.7034200860916573,-0.29584416374069206,-0.5568303269326891,-0.17917256695798697,0.2170655558781614,2.9632706187827926,0.15770766480985213,-0.2371461703952594,1.0042570890301292,-0.3440104580768906,-0.8731423297134698,-0.0450231253137983,False,False,False,False,False,False,False,False,False,False,False,False,False,False,False,False,False,False,True,False,False,True,False,True,False,False,True,False,False,True,False,False,False,False,False,False,False,True,False,False,False,False,False,False,False,True,False,False
28,-1.5231109502081068,-0.3875709171908893,0.759996991579771,0.03073137190425196,-0.629249155775576,2.450598412742229,-0.04076006551952073,-0.10405622575320385,0.0812349434661674,0.6362944529481432,-0.4119803404405156,-0.42180717784953886,-0.2844238606611821,-0.17195222808299968,-0.080339314868598,-0.5750815437050267,-0.3440104580768906,0.34665503216286736,-0.126064750878635,False,False,False,True,False,False,False,False,False,False,False,False,False,False,False,False,False,False,False,False,False,True,False,False,False,False,False,True,True,False,False,False,True,False,False,False,False,True,False,False,False,True,False,False,False,False,False,False
40,-0.7219941517220247,-1.1440346350815405,-0.3775202447303878,0.09722195285234883,-1.6476628703086342,0.1431827154584747,-0.3624308037467936,-0.40373815592243056,-0.635215360226868,1.0130706992263012,-0.28264268850577756,-0.47504657232684727,1.3394233790608052,0.32253761125627806,0.3900812517113862,-0.40976150088289803,-0.3440104580768906,-0.2632436487753012,0.3601850025103852,False,False,False,False,True,False,False,False,False,False,False,False,False,False,False,False,False,False,False,False,False,True,False,False,False,False,True,False,True,False,False,False,True,False,False,False,False,True,False,False,False,False,False,False,False,False,False,False
108,-0.7219941517220247,1.1556150673060392,1.529493945554292,1.0364014087442024,1.2135947086175876,1.1956881212370307,1.2656572885078083,0.645148599669863,1.4387197294108676,0.8246825760872222,2.821460957927937,-0.23546929717895965,-2.0097615528657937,0.4873675577027039,0.3900812517113862,-1.110882432501528,-0.3440104580768906,1.871401734508289,0.44122662807522195,False,False,False,False,False,False,False,False,False,False,False,False,True,False,False,False,False,False,False,False,False,False,True,False,False,False,True,False,False,True,False,True,False,False,False,False,False,True,False,False,False,False,False,True,False,False,False,False
123,-1.5231109502081068,-1.4768786709534272,0.759996991579771,0.03073137190425196,-0.629249155775576,2.450598412742229,-0.04076006551952073,-0.10405622575320385,0.11894285418685435,0.6362944529481432,-0.4119803404405156,-0.42180717784953886,-0.2844238606611821,-0.17195222808299968,-0.080339314868598,-0.5750815437050267,-0.3440104580768906,0.34665503216286736,-0.126064750878635,False,False,False,False,False,False,False,False,False,False,False,False,False,True,False,False,False,False,False,False,False,True,False,False,False,False,False,True,True,False,False,False,True,False,False,False,False,True,False,False,False,True,False,False,False,False,False,False
23,0.0791226467640575,-0.14550252746588094,-0.8459096949757471,-1.407127441098321,-1.0172162851215028,-1.1926895303373857,-0.843950191031791,-0.7034200860916573,-1.0877102888751013,0.41650830928588506,-0.6447881139230444,-0.04913141650838038,0.73048066416506,-0.17195222808299968,-0.080339314868598,0.8417804585760885,-0.3440104580768906,-0.8731423297134698,-0.126064750878635,False,False,False,True,False,False,False,False,False,False,False,False,False,False,False,False,False,False,False,False,False,True,True,True,False,True,False,False,True,False,False,False,True,False,False,False,False,True,False,False,False,False,False,False,False,True,False,False
155,-0.7219941517220247,-0.9624833427877842,-0.5113458019433472,-0.37652343640283603,-1.1142080674579826,2.167231572724927,1.0939679987791413,-0.8532610511762707,-1.012294467433729,-0.7138204295485889,-0.28264268850577756,-1.1139193060545476,-0.6903856705916789,0.32253761125627806,0.23327439618472479,-2.159157183889739,-0.3440104580768906,-1.1780916701825541,0.2791433769455485,False,False,False,False,False,False,False,False,False,False,False,False,False,False,False,False,False,False,True,False,False,True,False,False,False,False,False,True,False,False,False,False,True,False,False,False,False,True,False,False,False,True,False,False,False,False,False,False
189,1.681356243736222,-0.14550252746588094,-0.7120841377627876,-1.240900988728081,-0.8232327204485359,0.7503973726384104,-0.5952967369419973,-0.42871165010319945,-0.4843837173441235,0.4479063298090642,-0.4119803404405156,-0.3685677833722305,0.73048066416506,-0.17195222808299968,-0.2371461703952594,-0.01608862494479499,-0.3440104580768906,-0.31406853885348196,-0.2071063764434717,False,False,False,False,False,False,False,False,False,False,False,False,False,False,False,False,False,False,False,True,False,True,False,True,False,False,False,False,True,False,False,False,True,False,False,False,False,True,False,False,False,False,False,False,False,True,False,False
81,1.681356243736222,0.9135466775810308,-0.4109766340336283,-0.10224978999193941,-0.24128202642964255,-1.7594232103719918,-0.44926216866703905,-0.10405622575320385,0.11894285418685435,0.6362944529481432,-0.4119803404405156,-0.42180717784953886,-0.2844238606611821,-0.0071222816365737705,0.23327439618472479,-0.24422239813373314,-0.3440104580768906,0.34665503216286736,0.11706012581587512,False,False,False,False,False,False,False,False,False,False,True,False,False,False,False,False,False,False,False,False,False,True,False,True,False,True,False,False,True,False,False,False,True,False,False,False,False,True,False,False,False,True,False,False,False,False,False,False
39,-0.7219941517220247,-1.1440346350815405,-0.3775202447303878,0.09722195285234883,-0.3382738087661259,0.1431827154584747,-0.4966247313508093,-0.40373815592243056,-0.635215360226868,1.0130706992263012,-0.28264268850577756,-0.47504657232684727,1.3394233790608052,0.32253761125627806,0.3900812517113862,-0.2950620680475807,-0.3440104580768906,-0.2632436487753012,0.3601850025103852,False,False,False,False,True,False,False,False,False,False,False,False,False,False,False,False,False,False,False,False,False,True,False,False,False,False,True,False,True,False,False,False,True,False,False,False,False,True,False,False,False,False,False,False,False,False,False,False
172,0.8802394452501398,0.3386342519841358,-0.05968454634960708,0.16371253380044334,-0.14429024409316604,-0.30210803314014545,0.8275535836829336,0.4953076345852496,1.1370564436453787,0.7618865350408626,-0.2050400973449345,0.3235443448327781,-0.6903856705916789,-0.17195222808299968,-0.080339314868598,-0.116569766596888,-0.3440104580768906,1.5664523940392046,-0.126064750878635,False,False,False,False,False,False,False,False,False,False,False,False,False,False,False,False,False,False,True,False,False,True,False,True,False,False,False,False,False,True,False,False,True,False,False,False,False,True,False,False,False,False,False,False,False,True,False,False
47,-0.7219941517220247,0.6714782878560224,2.3826318727869102,2.1085620265322498,1.7955454026364739,-0.3830699874308047,2.9805767456826557,3.2923389828313656,1.174764354366064,2.8655539100939094,-0.5154504619883062,1.920726179152029,-0.7918761230743031,-1.6554217461008327,-1.8052147256618734,0.34372083926287766,1.5136460155383193,2.8878995360719033,-1.7468972621753691,False,False,False,False,False,False,True,False,False,False,False,False,False,False,False,False,False,False,False,False,False,True,False,False,False,False,True,False,False,True,False,False,False,False,False,False,False,False,True,False,False,False,False,False,False,True,False,False
94,0.0791226467640575,0.15708295969037955,-0.7120841377627876,-0.7422216316173618,-1.0172162851215028,0.30510662403979033,-1.1932490908245965,-0.7283935802724262,-0.635215360226868,0.10252810405408674,-0.17917256695798697,-0.9275814253839683,0.12153794926931474,0.9818573970419816,1.0173086738180317,-0.5051432877330678,-0.3440104580768906,-0.9239672197916505,1.008518007029079,False,False,False,False,False,False,False,False,False,False,False,True,False,False,False,False,False,False,False,False,False,True,False,True,False,False,True,False,True,False,False,False,True,False,False,False,False,True,False,False,False,True,False,False,False,False,False,False
158,-0.7219941517220247,-0.9624833427877842,-0.5113458019433472,-0.6591084054322418,-0.7262409381120526,-0.30210803314014545,-0.5538544945936983,-0.40373815592243056,-0.18272043157863457,0.29091622719316573,3.2094739137321513,-1.2736374894864726,-1.299328385487424,1.4763472363812593,0.8605018182913704,-1.6575445612052075,-0.3440104580768906,-0.2632436487753012,1.1706012581587524,False,False,False,False,False,False,False,False,False,False,False,False,False,False,False,False,False,False,True,False,False,False,False,False,False,False,True,False,True,False,False,False,True,False,False,False,False,True,False,False,False,False,False,True,False,False,False,False
43,-0.7219941517220247,-0.14550252746588094,-0.745540527066028,-0.2934102102177161,-1.9871341084863228,-0.09970314741350018,-0.4315012076606252,-0.3787646617416617,-0.03188878869589011,-0.08586001908499226,-0.4119803404405156,-0.6880041502360806,-0.6903856705916789,-0.17195222808299968,-0.2371461703952594,-0.7184879186767192,-0.3440104580768906,-0.2124187586971205,-0.2071063764434717,False,False,False,False,False,True,False,False,False,False,False,False,False,False,False,False,False,False,False,False,False,True,False,False,False,False,True,False,False,True,False,False,True,False,False,False,False,True,False,False,False,True,False,False,False,False,False,False
142,-0.7219941517220247,-0.6296393069158978,-0.2604228821690474,-0.18536301617705933,-0.24128202642964255,-0.5045129188667907,-0.7215969040987179,-0.4536851442839684,1.1370564436453787,-1.9383432299526004,-0.15330503657103944,-0.5815253612814639,-1.5023092904526725,0.4873675577027039,0.3900812517113862,-0.28257093591522026,-0.3440104580768906,-0.36489342893166266,0.44122662807522195,False,False,False,False,False,False,False,False,False,False,False,False,False,False,False,False,False,True,False,False,False,True,False,False,False,False,True,False,True,False,False,False,False,True,False,False,False,True,False,False,False,True,False,False,False,False,False,False
3,0.8802394452501398,1.2463907134529173,0.17451017877307134,0.19695782427449177,0.1466851029162841,0.22414466974913108,-0.4315012076606252,-0.42871165010319945,-0.4843837173441235,0.4479063298090642,-0.023967384636301336,-0.04913141650838038,0.73048066416506,-0.17195222808299968,-0.080339314868598,0.3822998498417972,-0.3440104580768906,-0.31406853885348196,-0.126064750878635,True,False,False,False,False,False,False,False,False,False,False,False,False,False,False,False,False,False,False,False,False,True,False,False,False,False,True,False,True,False,False,False,True,False,False,False,False,True,False,False,False,False,False,False,False,True,False,False
105,1.681356243736222,2.154147174921699,-1.2473863666146277,-0.2934102102177161,0.9711152527763824,-1.637980278936003,1.1511977620220304,1.369379930912161,0.4206061399523433,0.03973206300772708,-0.593053053149149,2.559598912879729,0.12153794926931474,-1.325761853207981,-1.1779873035552277,2.533464988113448,1.5136460155383193,0.27888851205862664,-1.260647508786349,False,False,False,False,False,False,False,False,False,False,False,True,False,False,False,False,False,False,False,False,False,True,True,True,False,True,False,False,False,True,False,False,False,False,True,False,False,False,True,False,False,False,False,False,False,True,False,False
53,0.0791226467640575,-0.29679527104401116,-0.9462788628854684,-0.6175517923396818,-0.8232327204485359,0.1431827154584747,-1.205089731495539,-0.8782345453570396,-1.0877102888751013,-0.3370441832704309,-0.28264268850577756,-0.9542011226226225,-0.2844238606611821,0.9818573970419816,1.1741155293446932,-0.5485591127653129,-0.3440104580768906,-1.2289165602607348,1.0895596325939156,False,False,False,False,False,False,False,True,False,False,False,False,False,False,False,False,False,False,False,False,False,True,False,False,False,False,True,False,True,False,False,False,True,False,False,False,False,True,False,False,False,True,False,False,False,False,False,False
133,0.8802394452501398,-0.5691222094846456,0.05741281621173095,1.0280900861256907,0.2921727764210057,0.9528022583650557,0.27499035237228087,-0.12902971993397275,0.8353931578798898,-0.5882283474558696,-0.2050400973449345,0.16382616140085304,0.22302840175193894,-0.6664420674222774,-0.3939530259219208,0.0790215870866955,-0.3440104580768906,0.29583014208468666,-0.5312728787028186,False,False,False,False,False,False,False,False,False,False,False,False,False,False,False,False,True,False,False,False,False,True,False,False,False,False,True,False,True,False,False,False,True,False,False,False,False,True,False,False,False,False,False,False,False,True,False,False
185,0.8802394452501398,-0.8717076966409061,-0.24369468751742837,-0.21029698403259622,-0.1927861352614043,0.79087834978374,-0.6781812216385952,-0.42871165010319945,-0.4843837173441235,0.4479063298090642,-0.28264268850577756,-0.5016662695655014,0.22302840175193894,0.32253761125627806,0.5468881072380476,-0.17711382569431383,-0.3440104580768906,-0.31406853885348196,0.44122662807522195,False,False,False,False,False,False,False,False,False,False,False,False,False,False,False,False,False,False,False,True,False,True,False,False,False,False,True,False,True,False,False,False,True,False,False,False,False,True,False,False,False,False,False,False,False,True,False,False
161,-0.7219941517220247,-0.9624833427877842,-0.5113458019433472,-0.6591084054322418,-0.7262409381120526,-0.3830699874308047,-0.8557908317027336,-0.7034200860916573,-0.4843837173441235,-0.7138204295485889,-0.28264268850577756,-0.9009617281453141,-0.6903856705916789,0.4873675577027039,0.5468881072380476,-0.7601176163315783,-0.3440104580768906,-0.8731423297134698,0.5222682536400587,False,False,False,False,False,False,False,False,False,False,False,False,False,False,False,False,False,False,True,False,False,True,False,False,False,True,False,False,True,False,False,False,True,False,False,False,False,True,False,False,False,True,False,False,False,False,False,False
190,1.681356243736222,4.030177195290514,-0.7120841377627876,-0.7089763411433156,-0.9202245027850193,-0.9498036674654109,-0.6604202606321814,-0.42871165010319945,-0.4843837173441235,0.4479063298090642,-0.4119803404405156,-0.3685677833722305,0.73048066416506,-0.17195222808299968,-0.2371461703952594,0.047503750051496645,-0.3440104580768906,-0.31406853885348196,-0.2071063764434717,False,False,False,False,False,False,False,False,False,False,False,False,False,False,False,False,False,False,False,True,False,True,False,True,False,True,False,False,True,False,False,False,True,False,False,False,False,True,False,False,False,False,False,False,False,True,False,False
49,-0.7219941517220247,-0.14550252746588094,0.5425304611087116,1.451967539669802,2.280504314318884,-2.407118844697257,2.7516576927111,4.990536587123651,0.8353931578798898,-1.5615669836744437,0.364045571167913,4.210020141676289,-0.2844238606611821,-1.9850816389936845,-2.118828436715196,2.8137170861410197,7.0866154363839495,-0.33101016887954193,-2.071063764434716,False,False,False,False,False,False,True,False,False,False,False,False,False,False,False,False,False,False,False,False,False,True,False,True,False,False,True,False,False,True,False,False,False,False,True,False,False,False,False,True,False,False,False,False,False,True,False,False
80,1.681356243736222,0.9135466775810308,-0.4109766340336283,-0.10224978999193941,-0.24128202642964255,-1.7594232103719918,-0.3663776839704411,-0.40373815592243056,-0.5597995387854957,0.6362944529481432,-0.6706556443099918,0.3235443448327781,0.73048066416506,-0.33678217452942555,-0.080339314868598,0.9503434957903822,-0.3440104580768906,-0.2632436487753012,-0.2071063764434717,False,False,False,False,False,False,False,False,False,False,True,False,False,False,False,False,False,False,False,False,False,True,True,True,False,True,False,False,True,False,False,False,True,False,False,False,False,True,False,False,False,False,False,False,False,False,True,False
34,0.0791226467640575,-0.6598978556315238,-0.8459096949757471,-2.013853992249697,-0.9202245027850193,-0.46403194172146106,-1.1833818902654778,-0.8532610511762707,-1.5402052175233332,0.4793043503322448,-0.23090762773188248,-0.741243544713389,1.745385188991302,0.8170274505955557,0.5468881072380476,-0.13123227632034265,-0.3440104580768906,-1.1780916701825541,0.684351504769732,False,False,False,False,True,False,False,False,False,False,False,False,False,False,False,False,False,False,False,False,False,True,False,True,False,True,False,False,True,False,False,False,True,False,False,False,False,True,False,False,False,False,False,False,False,False,False,False
7,0.0791226467640575,-0.14550252746588094,1.1782018578702707,1.5350807658549217,2.6684714436648176,0.79087834978374,0.7861113413346347,0.2455726927775607,-0.4843837173441235,0.4479063298090642,-0.4119803404405156,0.16382616140085304,0.73048066416506,-0.9961019603151292,-0.8643735925019049,-0.3045745761303608,0.5848177787307144,-0.3242335168691182,-0.9364810065270021,True,False,False,False,False,False,False,False,False,False,False,False,False,False,False,False,False,False,False,False,False,True,False,False,False,False,False,True,True,False,False,False,True,False,False,False,True,False,False,False,False,False,False,False,False,True,False,False
110,-0.7219941517220247,-0.14550252746588094,2.583370208606351,2.0503827682026667,1.2135947086175876,2.005307664143612,1.7254688345627445,0.645148599669863,1.4387197294108676,0.8246825760872222,2.821460957927937,-0.23546929717895965,-2.0097615528657937,-0.0071222816365737705,-0.8643735925019049,-1.3272508336646376,-0.3440104580768906,1.871401734508289,-0.45023125313798185,False,False,False,False,False,False,False,False,False,False,False,False,True,False,False,False,False,False,False,False,False,False,True,False,False,False,False,True,False,True,False,True,False,False,False,False,False,True,False,False,False,False,False,True,False,False,False,False
91,0.0791226467640575,0.15708295969037955,-0.7120841377627876,-0.7422216316173618,-1.0172162851215028,0.30510662403979033,-1.2583726145147807,-0.7283935802724262,-0.635215360226868,0.10252810405408674,-0.17917256695798697,-0.9275814253839683,0.12153794926931474,0.9818573970419816,1.0173086738180317,-0.4399191683406011,-0.3440104580768906,-0.9239672197916505,1.008518007029079,False,False,False,False,False,False,False,False,False,False,False,True,False,False,False,False,False,False,False,False,False,True,False,True,False,False,True,False,True,False,False,False,True,False,False,False,False,True,False,False,False,True,False,False,False,False,False,False
83,1.681356243736222,-0.14550252746588094,-0.4778894126401068,-0.08562714475491638,0.19518099408452233,-1.4355753932093578,0.7209878176444506,0.7450425763929386,1.0239327114833194,1.8922152738753353,-0.7999932962447299,1.0955155647537493,-0.2844238606611821,-0.9961019603151292,-1.0211804480285664,1.0248814122502652,-0.3440104580768906,2.0747012948210117,-1.0175226320918387,False,False,False,False,False,False,False,False,False,False,True,False,False,False,False,False,False,False,False,False,False,True,True,True,False,True,False,False,True,False,False,False,True,False,False,False,False,True,False,False,False,False,False,False,False,False,True,False
181,-1.5231109502081068,-0.14550252746588094,0.9607353273992113,1.1278259575478362,0.2921727764210057,0.1431827154584747,1.1748790433639154,0.869910047296783,-0.18272043157863457,0.29091622719316573,-0.23090762773188248,1.3883322343789453,0.12153794926931474,-0.9961019603151292,-1.0211804480285664,1.0106851239207186,1.5136460155383193,-0.3987766889837834,-1.0175226320918387,False,False,False,False,False,False,False,False,False,False,False,False,False,False,False,False,False,False,True,False,False,True,False,False,False,False,False,True,False,True,False,False,False,False,False,False,False,False,True,False,False,False,False,False,False,True,False,False
186,0.8802394452501398,-0.8717076966409061,-0.24369468751742837,-0.21029698403259622,-0.1927861352614043,0.79087834978374,-0.5538544945936983,-0.42871165010319945,-0.4843837173441235,0.4479063298090642,-0.28264268850577756,-0.5016662695655014,0.22302840175193894,0.32253761125627806,0.5468881072380476,-0.29117662282049295,-0.3440104580768906,-0.31406853885348196,0.44122662807522195,False,False,False,False,False,False,False,False,False,False,False,False,False,False,False,False,False,False,False,True,False,True,False,False,False,False,True,False,True,False,False,False,True,False,False,False,False,True,False,False,False,False,False,False,False,True,False,False
89,0.0791226467640575,0.15708295969037955,-0.7120841377627876,-0.7422216316173618,-1.0172162851215028,0.30510662403979033,-1.3156023777576697,-0.7283935802724262,-0.635215360226868,0.10252810405408674,-0.17917256695798697,-0.9275814253839683,0.12153794926931474,0.9818573970419816,1.0173086738180317,-0.3807197289850591,-0.3440104580768906,-0.9239672197916505,1.008518007029079,False,False,False,False,False,False,False,False,False,False,False,True,False,False,False,False,False,False,False,False,False,True,False,True,False,False,True,False,True,False,False,False,True,False,False,False,False,True,False,False,False,True,False,False,False,False,False,False
8,0.0791226467640575,1.064839421159161,1.1782018578702707,1.5350807658549217,2.6684714436648176,0.8718403040743965,1.046605436095371,0.12070522187371621,-0.7106311816682402,0.4479063298090642,-0.4637154012144107,0.9624170785604784,0.73048066416506,-1.325761853207981,-1.6484078701352118,0.5667156879247766,0.5848177787307144,-0.5275330771818411,-1.503772385480859,True,False,False,False,False,False,False,False,False,False,False,False,False,False,False,False,False,False,False,False,False,True,True,False,False,False,True,False,True,False,False,False,True,False,False,False,True,False,False,False,False,False,False,False,False,True,False,False
13,-0.7219941517220247,1.9725958826279424,0.40870490389575215,0.21358046951151716,-0.5322573734390926,0.22414466974913108,0.41313116019994406,0.9448305298390898,-0.03188878869589011,-0.2114521011777116,-0.28264268850577756,0.456642831026049,-1.806780647900545,-0.6664420674222774,-0.3939530259219208,0.3946911768924805,1.5136460155383193,-0.29712690882742193,-0.5312728787028186,False,True,False,False,False,False,False,False,False,False,False,False,False,False,False,False,False,False,False,False,False,True,False,False,False,False,True,False,False,True,False,False,True,False,False,False,False,False,True,False,False,False,False,False,False,True,False,False
59,0.0791226467640575,0.1873415084060056,0.007228232256871456,0.29669369569663706,0.2921727764210057,-0.01874119312284093,-0.33677608229308476,-0.10405622575320385,0.26977449706959883,0.41650830928588506,-0.3861128100535681,-0.5282859668041556,-0.6903856705916789,0.15770766480985213,0.23327439618472479,-0.520830743889275,-0.3440104580768906,0.34665503216286736,0.19810175138071182,False,False,False,False,False,False,False,True,False,False,False,False,False,False,False,False,False,False,False,False,False,True,False,True,False,True,False,False,True,False,False,False,True,False,False,False,False,True,False,False,False,True,False,False,False,False,False,False
176,-1.5231109502081068,-1.7492056093940616,0.6094432397151925,0.11384459808937186,0.2921727764210057,0.46703053262110594,-0.27954631905019567,-0.10405622575320385,-0.03188878869589011,0.8874786171335819,-0.36024527966662057,-0.31532838889492215,-1.9082711003831694,0.32253761125627806,0.23327439618472479,-0.21095818116176077,-0.3440104580768906,0.34665503216286736,0.2791433769455485,False,False,False,False,False,False,False,False,False,False,False,False,False,False,False,False,False,False,True,False,False,True,False,False,False,False,True,False,True,False,False,False,True,False,False,False,False,True,False,False,False,False,False,False,False,True,False,False
131,0.8802394452501398,-0.14550252746588094,-0.44443302333686874,0.21358046951151716,0.34066866758924397,-1.3141324617733718,-0.18876807390630274,0.1456787160544851,0.5337298721144008,2.0178073559680545,-0.36024527966662057,-0.23546929717895965,0.12153794926931474,-0.33678217452942555,0.07646754065806341,-0.15662749516205948,-0.3440104580768906,0.8549039329446745,-0.126064750878635,False,False,False,False,False,False,False,False,False,False,False,False,False,False,False,True,False,False,False,False,False,True,False,True,False,True,False,False,True,False,False,False,True,False,False,False,False,True,False,False,False,False,False,False,False,True,False,False
17,-0.7219941517220247,-0.14550252746588094,1.8807860332383106,1.8924676384509382,2.4259919878236125,1.033764212655712,1.8734768429495265,2.06863776797369,1.1370564436453787,0.41650830928588506,-0.5413179923752538,2.080444362583954,0.5274997591998115,-1.6554217461008327,-1.6484078701352118,1.2698394315346155,1.5136460155383193,1.2276197935180002,-1.6658556366105324,False,True,False,False,False,False,False,False,False,False,False,False,False,False,False,False,False,False,False,False,False,True,False,False,False,False,True,False,False,True,False,False,True,False,False,False,False,False,True,False,False,False,False,False,False,True,False,False
72,1.681356243736222,0.5807026417091442,-0.3607920500787688,0.5044767611594368,2.2320084231506456,-1.1926895303373857,2.228696063077803,2.6929751224929124,0.5337298721144008,-0.4940342858863294,-0.4637154012144107,1.3617125371402912,-0.7918761230743031,-1.490591799654407,-1.9620215811885346,0.212588845502698,3.3713024891535293,0.09253058177196379,-1.7468972621753691,False,False,False,False,False,False,False,False,True,False,False,False,False,False,False,False,False,False,False,False,False,True,False,True,False,False,False,False,False,True,False,False,False,False,True,False,False,False,False,False,False,False,False,False,False,True,False,False
180,-1.5231109502081068,-0.9927418915034103,0.9607353273992113,1.1278259575478362,0.2921727764210057,0.1431827154584747,1.1354102411274403,1.119644989104472,-0.18272043157863457,0.29091622719316573,-0.23090762773188248,1.3883322343789453,0.12153794926931474,-0.8312720138687033,-1.0211804480285664,1.0445831328014767,1.5136460155383193,-0.059944088462578364,-0.9364810065270021,False,False,False,False,False,False,False,False,False,False,False,False,False,False,False,False,False,False,True,False,False,True,False,False,False,False,True,False,False,True,False,False,False,False,False,False,False,False,True,False,False,False,False,False,False,True,False,False
134,1.681356243736222,0.8227710314341526,0.05741281621173095,1.0280900861256907,0.2921727764210057,0.9528022583650557,0.298671633714166,-0.12902971993397275,-2.9353979141887185,-3.72803039977385,-0.2050400973449345,0.16382616140085304,0.22302840175193894,-0.6664420674222774,-0.3939530259219208,0.05962711459264966,-0.3440104580768906,0.29583014208468666,-0.5312728787028186,False,False,False,False,False,False,False,False,False,False,False,False,False,False,False,False,True,False,False,False,False,True,False,True,False,True,False,False,True,False,False,False,True,False,False,False,False,True,False,False,False,False,False,False,False,True,False,False
171,0.8802394452501398,0.3386342519841358,-0.05968454634960708,0.16371253380044334,-0.14429024409316604,-0.706917804593436,0.3124857144969323,0.4953076345852496,1.1370564436453787,0.7618865350408626,-0.2050400973449345,0.3235443448327781,-0.6903856705916789,-0.17195222808299968,-0.080339314868598,0.28536238607026976,-0.3440104580768906,1.5664523940392046,-0.126064750878635,False,False,False,False,False,False,False,False,False,False,False,False,False,False,False,False,False,False,True,False,False,True,False,True,False,True,False,False,False,True,False,False,True,False,False,False,False,True,False,False,False,False,False,False,False,True,False,False
198,-2.324227748694189,-0.5993807582002717,0.9272789380959708,1.210939183732956,0.6316440145986941,0.9932832355103853,0.9656943915105969,0.09573172769294731,1.1370564436453787,-0.3370441832704309,-0.6706556443099918,1.5480504178108703,-0.08144295569593367,-1.325761853207981,-1.334794159081889,1.4066289605469589,-0.3440104580768906,0.7532541527883131,-1.3416891343511856,False,False,False,False,False,False,False,False,False,False,False,False,False,False,False,False,False,False,False,False,True,True,True,False,False,False,True,False,False,True,False,False,True,False,False,False,False,True,False,False,False,False,False,False,False,True,False,False
63,-0.7219941517220247,-0.14550252746588094,0.007228232256871456,0.29669369569663706,0.2921727764210057,0.7099163954930808,-0.22231655580730666,-0.10405622575320385,0.26977449706959883,0.41650830928588506,3.2612089745060464,-1.0606799115772392,-0.9948570280395514,1.8060071292741111,1.8013429514513388,-1.4879804736040612,-0.3440104580768906,0.34665503216286736,1.8189342626774458,False,False,False,False,False,False,False,True,False,False,False,False,False,False,False,False,False,False,False,False,False,False,False,False,False,False,True,False,True,False,False,False,True,False,False,False,False,True,False,False,False,False,False,True,False,False,False,False
54,0.0791226467640575,-0.29679527104401116,-0.9462788628854684,-0.6175517923396818,-0.8232327204485359,0.1431827154584747,-1.1952225309364204,-0.8782345453570396,-0.8991707352716699,-0.3370441832704309,-0.28264268850577756,-0.9542011226226225,-0.2844238606611821,0.9818573970419816,1.1741155293446932,-0.5581680590565867,-0.3440104580768906,-1.2289165602607348,1.0895596325939156,False,False,False,False,False,False,False,True,False,False,False,False,False,False,False,False,False,False,False,False,False,True,False,False,False,False,True,False,True,False,False,False,True,False,False,False,False,True,False,False,False,True,False,False,False,False,False,False
107,-0.7219941517220247,1.1556150673060392,1.529493945554292,1.0364014087442024,1.2135947086175876,1.1956881212370307,0.9163583887150029,-0.15400321411474163,0.5337298721144008,-0.2114521011777116,-0.4378478708274632,-0.18222990270165126,-0.2844238606611821,-0.9961019603151292,-1.0211804480285664,-0.8532159580603804,-0.3440104580768906,0.24500525200650594,-1.0175226320918387,False,False,False,False,False,False,False,False,False,False,False,False,True,False,False,False,False,False,False,False,False,True,False,False,False,False,True,False,False,True,False,True,False,False,False,False,False,True,False,False,False,False,False,False,False,True,False,False
50,0.0791226467640575,-0.5691222094846456,-0.9462788628854684,-1.2575236339651066,-0.8232327204485359,0.1431827154584747,-1.3136289376458459,-0.8782345453570396,-1.0877102888751013,-0.3370441832704309,-0.28264268850577756,-0.9542011226226225,-0.2844238606611821,0.8170274505955557,0.07646754065806341,-0.4395051985072116,-0.3440104580768906,-1.2289165602607348,0.44122662807522195,False,False,False,False,False,False,False,True,False,False,False,False,False,False,False,False,False,False,False,False,False,True,False,True,False,True,False,False,True,False,False,False,True,False,False,False,False,True,False,False,False,True,False,False,False,False,False,False
201,-1.5231109502081068,-0.84144914792528,1.7302322813737299,1.210939183732956,1.4075782732905473,0.7099163954930808,0.973588151957892,0.37044016368140514,1.7403830151763549,-0.3370441832704309,-0.36024527966662057,1.494811023333562,0.32451885423456317,-0.9961019603151292,-0.8643735925019049,1.328836528134162,-0.3440104580768906,1.312327943648301,-0.9364810065270021,False,False,False,False,False,False,False,False,False,False,False,False,False,False,False,False,False,False,False,False,True,True,True,False,False,False,True,False,False,True,False,False,True,False,False,False,False,True,False,False,False,False,False,False,False,True,False,False
169,0.8802394452501398,0.3386342519841358,-0.05968454634960708,0.16371253380044334,-0.14429024409316604,-0.706917804593436,-0.009185023730340571,0.4953076345852496,1.1370564436453787,0.7618865350408626,-0.2050400973449345,0.3235443448327781,-0.6903856705916789,-0.17195222808299968,-0.080339314868598,0.57809853661768,-0.3440104580768906,1.5664523940392046,-0.126064750878635,False,False,False,False,False,False,False,False,False,False,False,False,False,False,False,False,False,False,True,False,False,True,False,True,False,True,False,False,False,True,False,False,True,False,False,False,False,True,False,False,False,False,False,False,False,True,False,False
58,1.681356243736222,0.8227710314341526,-0.5782585805498281,-0.434702694732419,-0.09579435292492092,-1.6784612560813326,-0.10983046943335233,-1.1529429813454974,-0.03188878869589011,0.10252810405408674,-0.17917256695798697,0.8293185923672075,1.745385188991302,-1.490591799654407,-1.1779873035552277,1.4921691174505916,-2.2016669316921007,2.2780008551337345,-1.3416891343511856,False,False,False,False,False,False,False,True,False,False,False,False,False,False,False,False,False,False,False,False,False,True,False,True,False,True,False,False,False,True,False,False,False,False,False,True,False,False,False,False,True,False,False,False,False,True,False,False
48,-0.7219941517220247,-0.14550252746588094,2.3826318727869102,2.1085620265322498,1.7955454026364739,-0.3830699874308047,2.9805767456826557,3.2923389828313656,1.174764354366064,2.8655539100939094,-0.5154504619883062,1.920726179152029,-0.7918761230743031,-1.6554217461008327,-1.8052147256618734,0.34372083926287766,1.5136460155383193,2.8878995360719033,-1.7468972621753691,False,False,False,False,False,False,True,False,False,False,False,False,False,False,False,False,False,False,False,False,False,True,False,False,False,False,True,False,False,True,False,False,False,False,False,False,False,False,True,False,False,False,False,False,False,True,False,False
88,-1.5231109502081068,0.429409898131014,-0.4109766340336283,-0.15211772570301088,-0.24128202642964255,-0.8688417131747516,-0.30125416028025703,-0.40373815592243056,-0.5597995387854957,0.6362944529481432,-0.6706556443099918,0.3235443448327781,0.73048066416506,-0.33678217452942555,-0.080339314868598,0.8782956702177537,-0.3440104580768906,-0.2632436487753012,-0.2071063764434717,False,False,False,False,False,False,False,False,False,False,True,False,False,False,False,False,False,False,False,False,False,True,False,False,False,False,True,False,True,False,False,False,True,False,False,False,False,True,False,False,False,False,False,False,False,False,True,False
21,0.0791226467640575,-0.14550252746588094,-0.8459096949757471,-1.407127441098321,-1.0172162851215028,-1.1926895303373857,-1.3412570992113786,-0.9032080395378085,-1.3139577531992164,-0.08586001908499226,-0.17658581391929226,-0.9542011226226225,0.73048066416506,1.9708370757205371,1.6445360959246773,-0.41072502710531117,-0.3440104580768906,-1.2797414503389155,1.8189342626774458,False,False,False,True,False,False,False,False,False,False,False,False,False,False,False,False,False,False,False,False,False,True,False,True,False,True,False,False,True,False,False,False,True,False,False,False,False,True,False,False,False,True,False,False,False,False,False,False
57,1.681356243736222,0.8227710314341526,-0.5782585805498281,-0.434702694732419,-0.09579435292492092,-1.6784612560813326,-0.33677608229308476,-1.4026779231531863,-0.03188878869589011,0.10252810405408674,-0.17917256695798697,-0.07575111374703455,1.745385188991302,-1.325761853207981,-1.1779873035552277,0.24320135351589883,-2.2016669316921007,1.2615030535701202,-1.260647508786349,False,False,False,False,False,False,False,True,False,False,False,False,False,False,False,False,False,False,False,False,False,True,False,True,False,True,False,False,False,True,False,False,False,False,False,True,False,False,False,False,True,False,True,False,False,False,False,False
160,-0.7219941517220247,-0.9624833427877842,-0.5113458019433472,-0.6591084054322418,-0.7262409381120526,-0.30210803314014545,-0.9110471548337989,-0.7034200860916573,-0.4843837173441235,-0.7138204295485889,-0.28264268850577756,-0.9009617281453141,-0.6903856705916789,2.135667022166963,2.5853772290846457,-0.7128367875823667,-0.3440104580768906,-0.8731423297134698,2.386225641631303,False,False,False,False,False,False,False,False,False,False,False,False,False,False,False,False,False,False,True,False,False,True,False,False,False,False,True,False,True,False,False,False,True,False,False,False,False,True,False,False,False,True,False,False,False,False,False,False
197,-1.5231109502081068,-1.4768786709534272,0.9272789380959708,1.210939183732956,0.6316440145986941,1.5195359383996618,0.9597740711751256,0.37044016368140514,1.7403830151763549,-0.3370441832704309,-0.15330503657103944,0.27030495035546975,0.5274997591998115,-0.17195222808299968,-0.3939530259219208,-0.27909556235732147,-0.3440104580768906,1.312327943648301,-0.2881480020083084,False,False,False,False,False,False,False,False,False,False,False,False,False,False,False,False,False,False,False,False,True,True,False,False,False,False,False,True,False,True,False,False,True,False,False,False,False,True,False,False,False,False,False,False,False,True,False,False
37,-0.7219941517220247,-0.5086051120533935,-0.3775202447303878,-0.5593725340100989,-0.3382738087661259,-0.18066510170415945,-0.6308186589548249,-0.40373815592243056,-0.635215360226868,1.0130706992263012,-0.28264268850577756,-0.47504657232684727,1.3394233790608052,0.32253761125627806,0.3900812517113862,-0.17338628330456893,-0.3440104580768906,-0.2632436487753012,0.3601850025103852,False,False,False,False,True,False,False,False,False,False,False,False,False,False,False,False,False,False,False,False,False,True,False,True,False,True,False,False,True,False,False,False,True,False,False,False,False,True,False,False,False,False,False,False,False,False,False,False
157,-0.7219941517220247,-0.9624833427877842,-0.5113458019433472,-0.6591084054322418,-0.7262409381120526,-0.3830699874308047,-0.8814455531564425,-0.7034200860916573,-0.4843837173441235,-0.7138204295485889,-0.28264268850577756,-0.9009617281453141,-0.6903856705916789,0.8170274505955557,1.0173086738180317,-0.7383219325238994,-0.3440104580768906,-0.8731423297134698,0.9274763814642422,False,False,False,False,False,False,False,False,False,False,False,False,False,False,False,False,False,False,True,False,False,True,False,False,False,True,False,False,True,False,False,False,True,False,False,False,False,True,False,False,False,True,False,False,False,False,False,False
193,-0.7219941517220247,-0.14550252746588094,0.2748793466827927,0.7371937944777711,0.4861563410939725,0.5479924869117652,0.01449625761154455,-0.42871165010319945,-0.4843837173441235,0.4479063298090642,-0.28264268850577756,-0.42180717784953886,0.73048066416506,-0.0071222816365737705,0.07646754065806341,-0.6157319789115787,-0.3440104580768906,-0.31406853885348196,0.03601850025103841,False,False,False,False,False,False,False,False,False,False,False,False,False,False,False,False,False,False,False,True,False,True,False,False,False,False,False,True,True,False,False,False,True,False,False,False,False,True,False,False,False,False,False,False,False,True,False,False
1,1.681356243736222,-0.14550252746588094,-1.699047622208368,-0.4513253399694421,-0.8717286116167811,-2.002309073243967,-0.01510534406581185,0.09573172769294731,0.5714377828350877,-1.812751147859881,-0.28264268850577756,0.19044585863950722,-0.2844238606611821,-0.6664420674222774,-0.5507598814485821,0.37349743587650513,-0.3440104580768906,0.7532541527883131,-0.6123145042676552,False,False,False,False,False,False,False,False,False,False,False,False,False,False,False,False,False,False,False,False,False,True,False,True,False,False,False,False,False,True,False,False,False,False,False,False,False,True,False,False,False,False,False,False,False,True,False,False
52,0.0791226467640575,-0.5691222094846456,-0.9462788628854684,-1.2575236339651066,-0.8232327204485359,0.1431827154584747,-1.2840273359684895,-0.8782345453570396,-1.0877102888751013,-0.3370441832704309,-0.28264268850577756,-0.9542011226226225,-0.2844238606611821,0.9818573970419816,1.1741155293446932,-0.46987167856905954,-0.3440104580768906,-1.2289165602607348,1.0895596325939156,False,False,False,False,False,False,False,True,False,False,False,False,False,False,False,False,False,False,False,False,False,True,False,True,False,True,False,False,True,False,False,False,True,False,False,False,False,True,False,False,False,True,False,False,False,False,False,False
149,-0.7219941517220247,-1.1440346350815405,-0.3106074661239069,-0.052381854280867945,-0.24128202642964255,0.46703053262110594,0.18618554734021167,-0.4536851442839684,1.1370564436453787,-1.9383432299526004,-0.6189205835360966,0.19044585863950722,-0.6903856705916789,-0.33678217452942555,-1.1779873035552277,0.19376398250732882,-0.3440104580768906,-0.36489342893166266,-0.7743977553973287,False,False,False,False,False,False,False,False,False,False,False,False,False,False,False,False,False,True,False,False,False,True,True,False,False,False,False,True,False,False,False,False,False,True,False,False,False,True,False,False,False,False,False,False,False,True,False,False
130,-0.7219941517220247,-0.14550252746588094,-0.44443302333686874,0.6042126325815798,0.2921727764210057,0.5884734640570949,0.046071299400724706,0.1456787160544851,0.5337298721144008,2.0178073559680545,-0.36024527966662057,-0.23546929717895965,0.12153794926931474,-0.33678217452942555,0.07646754065806341,-0.3476282938719397,-0.3440104580768906,0.8549039329446745,-0.126064750878635,False,False,False,False,False,False,False,False,False,False,False,False,False,False,False,True,False,False,False,False,False,True,False,False,False,False,False,True,True,False,False,False,True,False,False,False,False,True,False,False,False,False,False,False,False,True,False,False
151,0.0791226467640575,-1.0835175376502884,-0.5113458019433472,-1.290768924439155,-1.1142080674579826,0.30510662403979033,-1.017612920872282,-0.8532610511762707,-1.012294467433729,-0.7138204295485889,-0.28264268850577756,-1.1139193060545476,-0.6903856705916789,0.9818573970419816,1.1741155293446932,-1.038336913671499,-0.3440104580768906,-1.1780916701825541,1.0895596325939156,False,False,False,False,False,False,False,False,False,False,False,False,False,False,False,False,False,False,True,False,False,True,False,True,False,True,False,False,True,False,False,False,True,False,False,False,False,True,False,False,False,True,False,False,False,False,False,False
103,-0.7219941517220247,-0.44808801462214143,0.2748793466827927,0.861863633755451,0.2921727764210057,0.5479924869117652,0.9952959931879533,1.369379930912161,0.4206061399523433,0.03973206300772708,-0.28264268850577756,1.2818534454243287,0.12153794926931474,-0.9961019603151292,-0.8643735925019049,1.0283831283578937,1.5136460155383193,0.27888851205862664,-0.9364810065270021,False,False,False,False,False,False,False,False,False,False,False,True,False,False,False,False,False,False,False,False,False,True,False,False,False,False,True,False,True,False,False,False,False,False,True,False,False,False,True,False,False,False,False,False,False,True,False,False
99,-0.7219941517220247,-0.5086051120533935,-0.2604228821690474,-0.06900449951789098,-0.3382738087661259,0.3860685783304496,-0.4571559291143341,-0.15400321411474163,0.04352703274548212,0.6676924734713238,-0.4119803404405156,-0.18222990270165126,0.12153794926931474,0.32253761125627806,0.5468881072380476,0.17785599416761252,-0.3440104580768906,0.24500525200650594,0.44122662807522195,False,False,False,False,False,False,False,False,False,False,False,True,False,False,False,False,False,False,False,False,False,True,False,False,False,True,False,False,True,False,False,False,True,False,False,False,False,True,False,False,False,True,False,False,False,False,False,False
116,-0.7219941517220247,1.1556150673060392,1.529493945554292,1.0364014087442024,1.2135947086175876,1.1956881212370307,1.374196494658115,0.645148599669863,1.4387197294108676,0.8246825760872222,2.821460957927937,-0.23546929717895965,-2.0097615528657937,0.4873675577027039,0.3900812517113862,-1.1647520866719834,-0.3440104580768906,1.871401734508289,0.44122662807522195,False,False,False,False,False,False,False,False,False,False,False,False,True,False,False,False,False,False,False,False,False,False,True,False,False,False,True,False,False,True,False,True,False,False,False,False,False,True,False,False,False,False,False,True,False,False,False,False
87,0.0791226467640575,0.0663073135435014,-0.4109766340336283,-0.15211772570301088,-0.24128202642964255,-0.8688417131747516,-0.30125416028025703,-0.40373815592243056,-0.5597995387854957,0.6362944529481432,-0.6706556443099918,0.3235443448327781,0.73048066416506,-0.33678217452942555,-0.080339314868598,0.8782956702177537,-0.3440104580768906,-0.2632436487753012,-0.2071063764434717,False,False,False,False,False,False,False,False,False,False,True,False,False,False,False,False,False,False,False,False,False,True,True,False,False,False,True,False,True,False,False,False,True,False,False,False,False,True,False,False,False,False,False,False,False,False,True,False
74,0.0791226467640575,-0.14550252746588094,2.2153499262707106,2.075316736058201,2.9594467906742605,0.6694354183477512,2.287899266432516,4.441119715146734,1.8157988366177271,0.29091622719316573,-0.5413179923752538,2.133683757061262,-1.299328385487424,-1.8202516925472587,-2.2756352922418577,1.0129193837178492,3.3713024891535293,1.871401734508289,-2.071063764434716,False,False,False,False,False,False,False,False,True,False,False,False,False,False,False,False,False,False,False,False,False,True,False,True,True,False,False,False,False,True,False,False,False,False,True,False,False,False,False,False,False,False,False,False,False,True,False,False
121,0.0791226467640575,0.9438052262966568,-0.8459096949757471,-0.575995179247122,-1.0172162851215028,-1.1926895303373857,-1.1182583665752936,-0.9032080395378085,-1.3139577531992164,-0.08586001908499226,-0.17917256695798697,-0.9542011226226225,0.73048066416506,0.9818573970419816,1.1741155293446932,-0.6314598258664942,-0.3440104580768906,-1.2797414503389155,1.0895596325939156,False,False,False,False,False,False,False,False,False,False,False,False,False,True,False,False,False,False,False,False,False,True,False,False,False,False,True,False,True,False,False,False,True,False,False,False,False,True,False,False,False,True,False,False,False,False,False,False
204,-1.5231109502081068,-0.84144914792528,1.7302322813737299,1.210939183732956,1.4560741644587925,0.7099163954930808,0.9992428734116008,0.37044016368140514,1.7403830151763549,-0.3370441832704309,-0.15330503657103944,0.27030495035546975,0.5274997591998115,-0.9961019603151292,-0.8643735925019049,-0.3053330058844574,-0.3440104580768906,1.312327943648301,-0.9364810065270021,False,False,False,False,False,False,False,False,False,False,False,False,False,False,False,False,False,False,False,False,True,True,True,False,False,False,True,False,False,True,False,False,True,False,False,False,False,True,False,False,False,False,False,False,False,True,False,False
20,-0.7219941517220247,-1.2650688299440447,-0.7120841377627876,-1.282457601820641,-1.1142080674579826,-0.706917804593436,-1.2761335755211944,-0.9032080395378085,-1.0877102888751013,-0.4626362653631503,-0.12743750618409191,-0.9009617281453141,0.5274997591998115,2.135667022166963,1.9581498069780001,-0.3655900065062988,-0.3440104580768906,-1.2797414503389155,2.062059139371956,False,False,True,False,False,False,False,False,False,False,False,False,False,False,False,False,False,False,False,False,False,True,False,False,False,False,True,False,True,False,False,False,True,False,False,False,False,True,False,False,False,True,False,False,False,False,False,False
188,0.8802394452501398,-0.8717076966409061,-0.24369468751742837,-0.21029698403259622,-0.1927861352614043,0.79087834978374,-0.5045184917981044,-0.42871165010319945,-0.4843837173441235,0.4479063298090642,-0.023967384636301336,-0.10237081098568873,0.73048066416506,0.15770766480985213,0.23327439618472479,0.3643522231811692,-0.3440104580768906,-0.31406853885348196,0.19810175138071182,False,False,False,False,False,False,False,False,False,False,False,False,False,False,False,False,False,False,False,True,False,True,False,False,False,False,True,False,True,False,False,False,True,False,False,False,False,True,False,False,False,False,False,False,False,True,False,False
71,-1.5231109502081068,-0.14550252746588094,2.817564933729029,2.357901705087609,2.813959117169539,1.1147261669463713,2.33723526922811,2.6929751224929124,0.5337298721144008,-0.4940342858863294,-0.4637154012144107,1.3617125371402912,-0.7918761230743031,-1.490591799654407,-1.9620215811885346,0.14628536003410061,3.3713024891535293,0.09253058177196379,-1.7468972621753691,False,False,False,False,False,False,False,False,True,False,False,False,False,False,False,False,False,False,False,False,False,True,False,False,False,False,True,False,False,True,False,False,False,False,True,False,False,False,False,False,False,False,False,False,False,True,False,False
106,0.0791226467640575,3.2737134773998626,0.07414101086335237,0.35487295402622004,0.9711152527763824,-1.637980278936003,1.1511977620220304,1.369379930912161,0.4206061399523433,0.03973206300772708,-0.28264268850577756,1.494811023333562,0.12153794926931474,-0.9961019603151292,-0.8643735925019049,1.1675623572183786,1.5136460155383193,0.27888851205862664,-0.9364810065270021,False,False,False,False,False,False,False,False,False,False,False,True,False,False,False,False,False,False,False,False,False,True,False,True,False,True,False,False,False,True,False,False,False,False,True,False,False,False,True,False,False,False,False,False,False,True,False,False
14,0.0791226467640575,-0.14550252746588094,0.7934533808830114,1.227561828969979,0.4861563410939725,0.79087834978374,0.9854287926288344,0.9448305298390898,-0.03188878869589011,-0.2114521011777116,-0.28264268850577756,0.456642831026049,-1.806780647900545,-0.8312720138687033,-0.8643735925019049,-0.050583588915627684,1.5136460155383193,-0.29712690882742193,-0.8554393809621653,False,True,False,False,False,False,False,False,False,False,False,False,False,False,False,False,False,False,False,False,False,True,False,False,False,False,True,False,False,True,False,False,True,False,False,False,False,False,True,False,False,False,False,False,False,True,False,False
92,0.0791226467640575,-0.02446833260337674,-0.7120841377627876,-0.7422216316173618,-1.0172162851215028,0.30510662403979033,-1.2189038122783054,-0.7283935802724262,-0.635215360226868,0.10252810405408674,-0.17917256695798697,-0.9275814253839683,0.12153794926931474,0.9818573970419816,1.0173086738180317,-0.47971410124071723,-0.3440104580768906,-0.9239672197916505,1.008518007029079,False,False,False,False,False,False,False,False,False,False,False,True,False,False,False,False,False,False,False,False,False,True,False,False,False,False,True,False,True,False,False,False,True,False,False,False,False,True,False,False,False,True,False,False,False,False,False,False
179,1.681356243736222,2.244922821068577,0.6930842129732925,0.7704390849518196,0.8741234704398991,-0.706917804593436,0.9084646282677078,1.119644989104472,-0.18272043157863457,0.29091622719316573,-0.2050400973449345,1.5214307205722162,0.12153794926931474,-0.9961019603151292,-1.0211804480285664,1.425922205812498,1.5136460155383193,-0.059944088462578364,-1.0175226320918387,False,False,False,False,False,False,False,False,False,False,False,False,False,False,False,False,False,False,True,False,False,True,False,True,False,True,False,False,False,True,False,False,False,False,False,False,False,False,True,False,False,False,False,False,False,True,False,False
102,-0.7219941517220247,-0.44808801462214143,0.2748793466827927,0.861863633755451,0.2921727764210057,0.9528022583650557,1.4610278595783606,1.369379930912161,0.4206061399523433,0.03973206300772708,-0.28264268850577756,1.2818534454243287,0.12153794926931474,-1.325761853207981,-1.334794159081889,0.6471435089544137,1.5136460155383193,0.27888851205862664,-1.3416891343511856,False,False,False,False,False,False,False,False,False,False,False,True,False,False,False,False,False,False,False,False,False,True,False,False,False,False,False,True,True,False,False,False,False,False,True,False,False,False,True,False,False,False,False,False,False,True,False,False
